CREATE DATABASE  IF NOT EXISTS `almaglass` /*!40100 DEFAULT CHARACTER SET utf8 */;
USE `almaglass`;
-- MySQL dump 10.13  Distrib 5.5.24, for osx10.5 (i386)
--
-- Host: almaglass.db.10501816.hostedresource.com    Database: almaglass
-- ------------------------------------------------------
-- Server version	5.0.96-log

/*!40101 SET @OLD_CHARACTER_SET_CLIENT=@@CHARACTER_SET_CLIENT */;
/*!40101 SET @OLD_CHARACTER_SET_RESULTS=@@CHARACTER_SET_RESULTS */;
/*!40101 SET @OLD_COLLATION_CONNECTION=@@COLLATION_CONNECTION */;
/*!40101 SET NAMES utf8 */;
/*!40103 SET @OLD_TIME_ZONE=@@TIME_ZONE */;
/*!40103 SET TIME_ZONE='+00:00' */;
/*!40014 SET @OLD_UNIQUE_CHECKS=@@UNIQUE_CHECKS, UNIQUE_CHECKS=0 */;
/*!40014 SET @OLD_FOREIGN_KEY_CHECKS=@@FOREIGN_KEY_CHECKS, FOREIGN_KEY_CHECKS=0 */;
/*!40101 SET @OLD_SQL_MODE=@@SQL_MODE, SQL_MODE='NO_AUTO_VALUE_ON_ZERO' */;
/*!40111 SET @OLD_SQL_NOTES=@@SQL_NOTES, SQL_NOTES=0 */;

--
-- Not dumping tablespaces as no INFORMATION_SCHEMA.FILES table on this server
--

--
-- Table structure for table `images`
--

DROP TABLE IF EXISTS `images`;
/*!40101 SET @saved_cs_client     = @@character_set_client */;
/*!40101 SET character_set_client = utf8 */;
CREATE TABLE `images` (
  `id` int(11) NOT NULL auto_increment,
  `page` int(11) default NULL,
  `name` varchar(45) collate utf8_spanish_ci default NULL,
  `info` varchar(300) collate utf8_spanish_ci default NULL,
  `orden` int(11) NOT NULL default '0',
  `img` varchar(150) collate utf8_spanish_ci default NULL,
  `thumb` varchar(150) collate utf8_spanish_ci default NULL,
  `caption` varchar(70) collate utf8_spanish_ci default NULL,
  `w` int(11) default NULL,
  `h` int(11) default NULL,
  `video` int(11) default '0',
  `vimeo` varchar(100) collate utf8_spanish_ci default NULL,
  `replace` int(11) default '0',
  `group` int(11) default NULL,
  `hide` int(11) default '0',
  PRIMARY KEY  (`id`,`orden`)
) ENGINE=InnoDB AUTO_INCREMENT=136 DEFAULT CHARSET=utf8 COLLATE=utf8_spanish_ci;
/*!40101 SET character_set_client = @saved_cs_client */;

--
-- Dumping data for table `images`
--

LOCK TABLES `images` WRITE;
/*!40000 ALTER TABLE `images` DISABLE KEYS */;
INSERT INTO `images` VALUES (7,7,'Sand Reflection','<p>Imagine living in a cube of water. Seriously... Imagine the calming sunlight dappling though the waves. Imagine the peace and tranquility of floating...<br /> Now imagine, living in the sky.<br /> Within Glass, these two things become indistinguishable.</p>\r\n<p>&nbsp;</p>',10,'STG_5016-copy-web_2068316108.jpg','thumb_STG_5016-copy-web_2068316108.jpg','Sand Reflection',616,346,0,NULL,NULL,4,1),(8,7,'Sand Reflection','<p>Imagine living in a cube of water. Seriously... Imagine the calming sunlight dappling though the waves. Imagine the peace and tranquility of floating...<br /> Now imagine, living in the sky.<br /> Within Glass, these two things become indistinguishable.</p>\r\n<p>&nbsp;</p>',8,'STG_5310-copy-web_64095137.jpg','thumb_STG_5310-copy-web_64095137.jpg','Sand Reflection',616,346,0,NULL,NULL,4,NULL),(9,7,'Wave & Sky','<p>Imagine living in a cube of water. Seriously... Imagine the calming sunlight dappling though the waves. Imagine the peace and tranquility of floating...<br /> Now imagine, living in the sky.<br /> Within Glass, these two things become indistinguishable.</p>\r\n<p>&nbsp;</p>',9,'STG_5334_wave_B&W-copy-web_1708866203.jpg','thumb_STG_5334_wave_B&W-copy-web_1708866203.jpg','Wave & Sky',616,346,0,NULL,NULL,4,NULL),(10,7,'Shore Foam','<p>Imagine living in a cube of water. Seriously... Imagine the calming sunlight dappling though the waves. Imagine the peace and tranquility of floating...<br /> Now imagine, living in the sky.<br /> Within Glass, these two things become indistinguishable.</p>\r\n<p>&nbsp;</p>',13,'STG_5174-copy-web_1729705356.jpg','thumb_STG_5174-copy-web_1729705356.jpg','Shore Foam',616,346,0,NULL,NULL,4,NULL),(12,7,'Shore Gradation','<p>Imagine living in a cube of water. Seriously... Imagine the calming sunlight dappling though the waves. Imagine the peace and tranquility of floating...<br /> Now imagine, living in the sky.<br /> Within Glass, these two things become indistinguishable.</p>\r\n<p>&nbsp;</p>',12,'STG_5266-copy-web_1738373639.jpg','thumb_STG_5266-copy-web_1738373639.jpg','Shore Gradation',487,273,0,NULL,NULL,4,NULL),(14,7,'Transparent Wave','<p>Imagine living in a cube of water. Seriously... Imagine the calming sunlight dappling though the waves. Imagine the peace and tranquility of floating...<br /> Now imagine, living in the sky.<br /> Within Glass, these two things become indistinguishable.</p>\r\n<p>&nbsp;</p>',11,'STG_5331-copy-web_288036396.jpg','thumb_STG_5331-copy-web_288036396.jpg','Transparent Wave',228,128,0,NULL,NULL,4,NULL),(15,8,'Interview with David Martin','<p>Lorem ipsum dolor sit amet, consectetur adipisicing elit, sed do eiusmod tempor incididunt ut labore et dolore magna aliqua. Ut enim ad minim veniam, quis nostrud exercitation ullamco laboris nisi ut aliquip ex ea commodo consequat. Duis aute irure dolor in reprehenderit in voluptate velit esse c',1,'vudeo1_1705824645.jpg','thumb_vudeo1_1705824645.jpg','Interview with David Martin',487,271,1,'64292955',NULL,0,0),(16,8,'Documentary','<p>Lorem ipsum dolor sit amet, consectetur adipisicing elit, sed do eiusmod tempor incididunt ut labore et dolore magna aliqua. Ut enim ad minim veniam, quis nostrud exercitation ullamco laboris nisi ut aliquip ex ea commodo consequat. Duis aute irure dolor in reprehenderit in voluptate velit esse c',0,'video2_1275709782.jpg','thumb_video2_1275709782.jpg','Documentary',228,117,1,'65543441',NULL,0,NULL),(18,3,'Evening Rendering','<p>10 OF MIAMI&rsquo;S FINEST</p>\r\n<p>10 places to reflect&hellip;<br /> 10 places to connect&hellip;<br /> 10 places to see, hear, and feel.</p>\r\n<p>10 places to live&hellip;<br /> 10 places to love&hellip;<br /> 10 places built into the sky.</p>\r\n<p>10 unrestricted views of the city.&lt;br</p>',4,'Exterior-04_1745576784.jpg','thumb_Exterior-04_1745576784.jpg','Evening Rendering',487,273,0,NULL,NULL,0,0),(26,5,'Interior','',0,'Interiors-01_1982506120.jpg','thumb_Interiors-01_1982506120.jpg','Interior',616,346,0,NULL,NULL,0,0),(27,5,'Interior','',0,'Interiors-02_337952475.jpg','thumb_Interiors-02_337952475.jpg','Interior',487,273,0,NULL,NULL,0,0),(28,5,'Interior','',0,'Interiors-04_232984866.jpg','thumb_Interiors-04_232984866.jpg','Interior',358,201,0,NULL,NULL,0,0),(29,5,'Interior','',0,'Interiors-03_109582764.jpg','thumb_Interiors-03_109582764.jpg','Interior',358,201,0,NULL,NULL,0,0),(30,5,'Interior','',0,'Interiors-05_1940432826.jpg','thumb_Interiors-05_1940432826.jpg','Interior',358,201,0,NULL,NULL,0,0),(31,5,'Interior','',0,'Interiors-06_1965268317.jpg','thumb_Interiors-06_1965268317.jpg','Interior',487,273,0,NULL,NULL,0,0),(32,5,'Interior','',0,'Interiors-08_564431703.jpg','thumb_Interiors-08_564431703.jpg','Interior',228,128,0,NULL,NULL,0,0),(33,5,'Interior','',0,'Interiors-10_2006802937.jpg','thumb_Interiors-10_2006802937.jpg','Interior',487,273,0,NULL,NULL,0,0),(34,5,'Interior','',0,'Interiors-11_735496553.jpg','thumb_Interiors-11_735496553.jpg','Interior',616,346,0,NULL,NULL,0,0),(35,5,'Interior','',0,'Interiors-07_1877495853.jpg','thumb_Interiors-07_1877495853.jpg','Interior',616,346,0,NULL,NULL,0,0),(36,5,'Interior','',0,'Interiors-09_1352157902.jpg','thumb_Interiors-09_1352157902.jpg','Interior',228,128,0,NULL,NULL,0,0),(37,6,'Star Light Ceiling: Space at your Doorstep','<p>Lorem ipsum dolor sit amet, consectetur adipisicing elit, sed do eiusmod tempor incididunt ut labore et dolore magna aliqua. Ut enim ad minim veniam, quis nostrud exercitation ullamco laboris nisi ut aliquip ex ea commodo consequat. Duis aute irure dolor in reprehenderit in voluptate velit esse c',4,'09a_1400705687.jpg','thumb_09a_1400705687.jpg','Star Light Ceiling: Space at your Doorstep',358,201,0,NULL,NULL,0,0),(38,6,'Interactive Wall','<p>Lorem ipsum dolor sit amet, consectetur adipisicing elit, sed do eiusmod tempor incididunt ut labore et dolore magna aliqua. Ut enim ad minim veniam, quis nostrud exercitation ullamco laboris nisi ut aliquip ex ea commodo consequat. Duis aute irure dolor in reprehenderit in voluptate velit esse c',0,'02_1387241813.jpg','thumb_02_1387241813.jpg','Interactive Wall',616,346,0,NULL,NULL,0,0),(40,6,'Interactive Wall','<p>Lorem ipsum dolor sit amet, consectetur adipisicing elit, sed do eiusmod tempor incididunt ut labore et dolore magna aliqua. Ut enim ad minim veniam, quis nostrud exercitation ullamco laboris nisi ut aliquip ex ea commodo consequat. Duis aute irure dolor in reprehenderit in voluptate velit esse c',1,'03_205233255.jpg','thumb_03_205233255.jpg','Interactive Wall',358,201,0,NULL,NULL,1,0),(41,6,'Stars Come Out at Night: Sky Ceiling Concept','<p>Lorem ipsum dolor sit amet, consectetur adipisicing elit, sed do eiusmod tempor incididunt ut labore et dolore magna aliqua. Ut enim ad minim veniam, quis nostrud exercitation ullamco laboris nisi ut aliquip ex ea commodo consequat. Duis aute irure dolor in reprehenderit in voluptate velit esse c',3,'06a_1453351470.jpg','thumb_06a_1453351470.jpg','Stars Come Out at Night: Sky Ceiling Concept',616,346,0,NULL,NULL,2,0),(42,6,'Interactive Wall','<p>Lorem ipsum dolor sit amet, consectetur adipisicing elit, sed do eiusmod tempor incididunt ut labore et dolore magna aliqua. Ut enim ad minim veniam, quis nostrud exercitation ullamco laboris nisi ut aliquip ex ea commodo consequat. Duis aute irure dolor in reprehenderit in voluptate velit esse c',2,'01_515630574.jpg','thumb_01_515630574.jpg','Interactive Wall',616,346,0,NULL,NULL,1,0),(43,6,'Sky Ceiling Concept: Light Density','<p>Lorem ipsum dolor sit amet, consectetur adipisicing elit, sed do eiusmod tempor incididunt ut labore et dolore magna aliqua. Ut enim ad minim veniam, quis nostrud exercitation ullamco laboris nisi ut aliquip ex ea commodo consequat. Duis aute irure dolor in reprehenderit in voluptate velit esse c',5,'12a_692164671.jpg','thumb_12a_692164671.jpg','Sky Ceiling Concept: Light Density',228,128,0,NULL,NULL,0,0),(47,9,'Jerrys Deli - Detail','',6,'IMG_9365_deli_detail-copy-web_252110639.jpg','thumb_IMG_9365_deli_detail-copy-web_252110639.jpg','Jerrys Deli - Detail',228,128,0,NULL,NULL,0,0),(48,9,'Three Eleven','',7,'IMG_9325_three_eleven-copy-web_1106513914.jpg','thumb_IMG_9325_three_eleven-copy-web_1106513914.jpg','Three Eleven',487,273,0,NULL,NULL,0,0),(49,9,'SoFi Watchtower','',0,'STG_8255_watchtower_jacht-copy-web_1559650452.jpg','thumb_STG_8255_watchtower_jacht-copy-web_1559650452.jpg','SoFi Watchtower',487,273,0,NULL,NULL,0,0),(50,9,'South Pointe Park at Dusk','',2,'STG_8292_sofi_jogger_early_morning-copy-web_1518396048.jpg','thumb_STG_8292_sofi_jogger_early_morning-copy-web_1518396048.jpg','South Pointe Park at Dusk',358,201,0,NULL,NULL,0,0),(51,9,'New World Symphony Detail','',12,'STG_8501_new_world_inside-copy-web_667299681.jpg','thumb_STG_8501_new_world_inside-copy-web_667299681.jpg','New World Symphony Detail',487,273,0,NULL,NULL,0,0),(52,9,'New World Symphony','',13,'STG_8429_new_world_total-copy-web_1606279014.jpg','thumb_STG_8429_new_world_total-copy-web_1606279014.jpg','New World Symphony',487,273,0,NULL,NULL,0,0),(53,9,'Port of Miami','',5,'STG_8979_port-copy-web.jpg _1821311626.jpg','thumb_STG_8979_port-copy-web.jpg _1821311626.jpg','Port of Miami',228,128,0,NULL,NULL,0,0),(54,9,'Pool detail','',8,'IMG_9489_pool-copy-web_763815412.jpg','thumb_IMG_9489_pool-copy-web_763815412.jpg','Pool detail',487,273,0,NULL,NULL,0,0),(55,9,'Sofi Marina','',4,'STG_8920_marina_closeup-copy-web_590937976.jpg','thumb_STG_8920_marina_closeup-copy-web_590937976.jpg','SOFI Marina',487,273,0,NULL,NULL,0,0),(56,9,'1111 Lincoln','',20,'STG_9027_1111_closeup-copy-web_1754061751.jpg','thumb_STG_9027_1111_closeup-copy-web_1754061751.jpg','1111 Lincoln',487,273,0,NULL,NULL,0,0),(57,9,'Lincoln Road - Dan Graham Sculpture','',15,'STG_9033_dan_graham-copy-web_1050188959.jpg','thumb_STG_9033_dan_graham-copy-web_1050188959.jpg','Lincoln Road - Dan Graham Sculpture',228,128,0,NULL,NULL,0,0),(58,9,'Wolfsonian FIU','',21,'STG_9004_nightshot_Wolfsonian-copy-web_519166555.jpg','thumb_STG_9004_nightshot_Wolfsonian-copy-web_519166555.jpg','Wolfsonian FIU',487,273,0,NULL,NULL,0,0),(73,11,'bg4_1543107135','',1,'bg4_1543107135.jpg','thumb_bg4_1543107135.jpg','bg4_1543107135',616,346,0,NULL,0,NULL,0),(74,7,'Reimagining 120 Ocean','<p>Imagine living in a cube of water. Seriously... Imagine the calming sunlight dappling though the waves. Imagine the peace and tranquility of floating...</p>\r\n<p>Now imagine, living in the sky.<br /> Within Glass, these two things become indistinguishable.<br /> Now imagine living in a building th',3,'01_903570714.jpg','thumb_01_903570714.jpg','Reimagining 120 Ocean',358,201,0,NULL,NULL,1,NULL),(75,7,'Into the Atmosphere','<p>Imagine living in a cube of water. Seriously... Imagine the calming sunlight dappling though the waves. Imagine the peace and tranquility of floating...</p>\r\n<p>Now imagine, living in the sky.<br /> Within Glass, these two things become indistinguishable.<br /> Now imagine living in a building th',4,'02_26341981.jpg','thumb_02_26341981.jpg','Into the Atmosphere',616,346,0,NULL,NULL,1,1),(80,7,'Water Cube Study','<p>Imagine living in a cube of water. Seriously... Imagine the calming sunlight dappling though the waves. Imagine the peace and tranquility of floating...</p>\r\n<p>Now imagine, living in the sky.<br /> Within Glass, these two things become indistinguishable.<br /> Now imagine living in a building th',5,'15a_1330325680.jpg','thumb_15a_1330325680.jpg','Water Cube Study',228,128,0,NULL,NULL,2,NULL),(83,7,'A Sky Becomes a Building','<p>Imagine living in a cube of water. Seriously... Imagine the calming sunlight dappling though the waves. Imagine the peace and tranquility of floating...</p>\r\n<p>Now imagine, living in the sky.<br /> Within Glass, these two things become indistinguishable.<br /> Now imagine living in a building th',2,'14a_569074603.jpg','thumb_14a_569074603.jpg','A Sky Becomes a Building',487,273,0,NULL,NULL,1,1),(85,12,'bg4_1977737108',NULL,0,'bg4_1977737108.jpg','thumb_bg4_1977737108.jpg','bg4_1977737108',358,201,0,NULL,0,NULL,0),(92,9,'South Pointe Park','<p>Lorem ipsum dolor sit amet, consectetur adipisicing elit, sed do eiusmod tempor incididunt ut labore et dolore magna aliqua. Ut enim ad minim veniam, quis nostrud exercitation ullamco laboris nisi ut aliquip ex ea commodo consequat.</p>',1,'_STG_8311-copy-web_1510491576.jpg','thumb__STG_8311-copy-web_1510491576.jpg','South Pointe Park',228,128,0,NULL,NULL,0,0),(93,9,'The Standard','<p>Lorem ipsum dolor sit amet, consectetur adipisicing elit, sed do eiusmod tempor incididunt ut labore et dolore magna aliqua. Ut enim ad minim veniam, quis nostrud exercitation ullamco laboris nisi ut aliquip ex ea commodo consequat.</p>',3,'IMG_9584_2007898846.jpg','thumb_IMG_9584_2007898846.jpg','The Standard',616,346,0,NULL,NULL,0,0),(94,13,'bg4_427665715','<p class=\"title\">PLEASE ENTER THE PASSCODE<br />FROM YOUR WELCOME EMAIL</p>\r\n<p>&nbsp;</p>\r\n<form id=\"contactform\" action=\"login/run\" method=\"post\"><fieldset><label>E-Mail Address</label> <input name=\"email\" type=\"text\" value=\"\" /></fieldset><fieldset><label>Passcode</label> <input name=\"passcode\" t',0,'bg4_427665715.jpg','thumb_bg4_427665715.jpg','bg4_427665715',487,273,0,NULL,0,NULL,0),(95,9,'Lincoln Road Shopping','<p>Lorem ipsum dolor sit amet, consectetur adipisicing elit, sed do eiusmod tempor incididunt ut labore et dolore magna aliqua. Ut enim ad minim veniam, quis nostrud exercitation ullamco laboris nisi ut aliquip ex ea commodo consequat.</p>',11,'STG_1086-copy-web_1817657270.jpg','thumb_STG_1086-copy-web_1817657270.jpg','Lincoln Road Shopping',358,201,0,NULL,0,NULL,0),(96,9,'Taschen','<p>Lorem ipsum dolor sit amet, consectetur adipisicing elit, sed do eiusmod tempor incididunt ut labore et dolore magna aliqua. Ut enim ad minim veniam, quis nostrud exercitation ullamco laboris nisi ut aliquip ex ea commodo consequat.</p>',16,'STG_1049-copy-web_854076450.jpg','thumb_STG_1049-copy-web_854076450.jpg','Taschen',487,273,0,NULL,0,NULL,0),(97,9,'Babalú','<p>Lorem ipsum dolor sit amet, consectetur adipisicing elit, sed do eiusmod tempor incididunt ut labore et dolore magna aliqua. Ut enim ad minim veniam, quis nostrud exercitation ullamco laboris nisi ut aliquip ex ea commodo consequat.</p>',18,'STG_1067-copy-web_1462789675.jpg','thumb_STG_1067-copy-web_1462789675.jpg','Babalú',616,346,0,NULL,0,NULL,0),(98,9,'Alchemist','<p>Lorem ipsum dolor sit amet, consectetur adipisicing elit, sed do eiusmod tempor incididunt ut labore et dolore magna aliqua. Ut enim ad minim veniam, quis nostrud exercitation ullamco laboris nisi ut aliquip ex ea commodo consequat.</p>',19,'STG_1106-copy-web_345474791.jpg','thumb_STG_1106-copy-web_345474791.jpg','Alchemist',228,128,0,NULL,0,NULL,0),(99,9,'Lincoln Road Shopping','<p>Lorem ipsum dolor sit amet, consectetur adipisicing elit, sed do eiusmod tempor incididunt ut labore et dolore magna aliqua. Ut enim ad minim veniam, quis nostrud exercitation ullamco laboris nisi ut aliquip ex ea commodo consequat.</p>',14,'STG_0969-copy-web_121863689.jpg','thumb_STG_0969-copy-web_121863689.jpg','Lincoln Road Shopping',228,126,0,NULL,0,NULL,0),(103,9,'Base','<p>Lorem ipsum dolor sit amet, consectetur adipisicing elit, sed do eiusmod tempor incididunt ut labore et dolore magna aliqua. Ut enim ad minim veniam, quis nostrud exercitation ullamco laboris nisi ut aliquip ex ea commodo consequat.</p>',17,'STG_1025-copy-web_995851454.jpg','thumb_STG_1025-copy-web_995851454.jpg','Base',487,273,0,NULL,0,NULL,0),(104,9,'Lincoln Road Palms','<p>Lorem ipsum dolor sit amet, consectetur adipisicing elit, sed do eiusmod tempor incididunt ut labore et dolore magna aliqua. Ut enim ad minim veniam, quis nostrud exercitation ullamco laboris nisi ut aliquip ex ea commodo consequat.</p>',9,'STG_0980-copy-web_62535060.jpg','thumb_STG_0980-copy-web_62535060.jpg','Lincoln Road Palms',616,346,0,NULL,0,NULL,0),(105,9,'Lincoln Road Shopping','<p>Lorem ipsum dolor sit amet, consectetur adipisicing elit, sed do eiusmod tempor incididunt ut labore et dolore magna aliqua. Ut enim ad minim veniam, quis nostrud exercitation ullamco laboris nisi ut aliquip ex ea commodo consequat.</p>',10,'STG_0987-copy-web_1980985938.jpg','thumb_STG_0987-copy-web_1980985938.jpg','Lincoln Road Shopping',487,273,0,NULL,0,NULL,0),(107,7,'Horizon Study','<div><a class=\"mapLinks\" rel=\"8\">&gt; HORIZON STUDY</a></div>\r\n<div class=\"desc_8 linkDesc\">Into the atmosphere: Comparative illustration of how the building seems to dematerialize and echo the effect of water and sky.</div>\r\n<div><a class=\"mapLinks\" rel=\"80\">&gt; WATER CUBE</a></div>\r\n<p>&lt;div cl',0,'12_12_902157390.jpg','thumb_12_12_902157390.jpg','Horizon Study',228,128,0,NULL,NULL,1,NULL),(108,7,'Night Sky','<div><a class=\"mapLinks\" rel=\"8\">&gt; HORIZON STUDY</a></div>\r\n<div class=\"desc_8 linkDesc\">Into the atmosphere: Comparative illustration of how the building seems to dematerialize and echo the effect of water and sky.</div>\r\n<div><a class=\"mapLinks\" rel=\"80\">&gt; WATER CUBE</a></div>\r\n<p>&lt;div cl',6,'STG_3824-copy-web_1558848406.jpg','thumb_STG_3824-copy-web_1558848406.jpg','Night Sky',487,273,0,NULL,NULL,3,NULL),(110,10,'FLOOR-05_POOL-FLAT-2-BEDROOM-03_773026327','<p>10 OF MIAMI&rsquo;S FINEST. COUNT THEM.</p>\r\n<p>&nbsp;</p>\r\n<p>10 places to reflect<br /> 10 places to connect<br /> 10 places to see, hear, and feel.<br /> 10 places to live<br /> 10 places to love<br /> 10 places built into the sky.<br /> 10 unrestricted views of the city.<br /> 10 unrivalled e',2,'FLOOR-05_POOL-FLAT-2-BEDROOM-03_773026327.jpg','thumb_FLOOR-05_POOL-FLAT-2-BEDROOM-03_773026327.jpg','FLOOR-05_POOL-FLAT-2-BEDROOM-03_773026327',616,346,0,NULL,NULL,2,1),(111,10,'FLOOR-06_POOL-FLAT-3-BEDROOM_67992389','<p>10 OF MIAMI&rsquo;S FINEST. COUNT THEM.</p>\r\n<p>&nbsp;</p>\r\n<p>10 places to reflect<br /> 10 places to connect<br /> 10 places to see, hear, and feel.<br /> 10 places to live<br /> 10 places to love<br /> 10 places built into the sky.<br /> 10 unrestricted views of the city.<br /> 10 unrivalled e',3,'FLOOR-06_POOL-FLAT-3-BEDROOM_67992389.jpg','thumb_FLOOR-06_POOL-FLAT-3-BEDROOM_67992389.jpg','FLOOR-06_POOL-FLAT-3-BEDROOM_67992389',358,201,0,NULL,NULL,0,1),(112,10,'FLOOR-07-13_TYPICAL-3-BEDROOM_579871046','<p>10 OF MIAMI&rsquo;S FINEST. COUNT THEM.</p>\r\n<p>&nbsp;</p>\r\n<p>10 places to reflect<br /> 10 places to connect<br /> 10 places to see, hear, and feel.<br /> 10 places to live<br /> 10 places to love<br /> 10 places built into the sky.<br /> 10 unrestricted views of the city.<br /> 10 unrivalled e',4,'FLOOR-07-13_TYPICAL-3-BEDROOM_579871046.jpg','thumb_FLOOR-07-13_TYPICAL-3-BEDROOM_579871046.jpg','FLOOR-07-13_TYPICAL-3-BEDROOM_579871046',358,201,0,NULL,NULL,0,1),(113,10,'FLOOR-07-13_TYPICAL-4-BEDROOM-02_294659587','<p>10 OF MIAMI&rsquo;S FINEST. COUNT THEM.</p>\r\n<p>&nbsp;</p>\r\n<p>10 places to reflect<br /> 10 places to connect<br /> 10 places to see, hear, and feel.<br /> 10 places to live<br /> 10 places to love<br /> 10 places built into the sky.<br /> 10 unrestricted views of the city.<br /> 10 unrivalled e',5,'FLOOR-07-13_TYPICAL-4-BEDROOM-02_294659587.jpg','thumb_FLOOR-07-13_TYPICAL-4-BEDROOM-02_294659587.jpg','FLOOR-07-13_TYPICAL-4-BEDROOM-02_294659587',358,201,0,NULL,NULL,0,1),(116,7,'Lobby - Horizon Study','<div>\r\n<p>WE&rsquo;LL TRY NOT TO GET TOO CARRIED HERE. IT&rsquo;S NOT OUR STYLE.</p>\r\n<p>You see, we could tell you that Glass is like living in a cube of water (good if you&rsquo;re a fish). Or we could tell you that Glass is like living in the sky (good if you&rsquo;re a bird). Or we could say tha',1,'Lobby_1097461252.jpg','thumb_Lobby_1097461252.jpg','Lobby - Horizon Study',487,273,0,NULL,NULL,1,1),(121,7,'Night Sky Study','<div>\r\n<p>WE&rsquo;LL TRY NOT TO GET TOO CARRIED HERE. IT&rsquo;S NOT OUR STYLE.</p>\r\n<p>You see, we could tell you that Glass is like living in a cube of water (good if you&rsquo;re a fish). Or we could tell you that Glass is like living in the sky (good if you&rsquo;re a bird). Or we could say tha',7,'06a_889032451.jpg','thumb_06a_889032451.jpg','Night Sky Study',616,346,0,NULL,NULL,3,NULL),(122,3,'Full Exterior','<p>WE KNOW WHAT YOU&rsquo;RE THINKING: &ldquo;WHY IS IT CALLED GLASS?&rdquo;<br /><br />Ok. So simply put, Glass is an 18-story residential tower, and it is situated on the southern tip of Miami Beach, in the South of Fifth Street neighborhood. The building is a response to its site, context and env',1,'Ext_Elev_FULL_03MAY_1565433923.jpg','thumb_Ext_Elev_FULL_03MAY_1565433923.jpg','Full Exterior',616,346,0,NULL,NULL,0,NULL),(123,3,'Glass in Context','<p>WE KNOW WHAT YOU&rsquo;RE THINKING: &ldquo;WHY IS IT CALLED GLASS?&rdquo;<br /><br />Ok. So simply put, Glass is an 18-story residential tower, and it is situated on the southern tip of Miami Beach, in the South of Fifth Street neighborhood. The building is a response to its site, context and env',0,'Beach_FULL_05MAY_303550221.jpg','thumb_Beach_FULL_05MAY_303550221.jpg','Glass in Context',487,273,0,NULL,NULL,0,NULL),(124,3,'The Lobby','<p>WE KNOW WHAT YOU&rsquo;RE THINKING: &ldquo;WHY IS IT CALLED GLASS?&rdquo;<br /><br />Ok. So simply put, Glass is an 18-story residential tower, and it is situated on the southern tip of Miami Beach, in the South of Fifth Street neighborhood. The building is a response to its site, context and env',2,'Lobby_FULL_05MAY_1419286108.jpg','thumb_Lobby_FULL_05MAY_1419286108.jpg','The Lobby',487,273,0,NULL,NULL,0,NULL),(125,3,'Glass at Dusk','<p>WE KNOW WHAT YOU&rsquo;RE THINKING: &ldquo;WHY IS IT CALLED GLASS?&rdquo;<br /><br />Ok. So simply put, Glass is an 18-story residential tower, and it is situated on the southern tip of Miami Beach, in the South of Fifth Street neighborhood. The building is a response to its site, context and env',5,'Dusk_Penthouse_FULL_05MAY_478729059.jpg','thumb_Dusk_Penthouse_FULL_05MAY_478729059.jpg','Glass at Dusk',358,201,0,NULL,NULL,0,NULL),(126,3,'Pool Deck','<p>WE KNOW WHAT YOU&rsquo;RE THINKING: &ldquo;WHY IS IT CALLED GLASS?&rdquo;<br /><br />Ok. So simply put, Glass is an 18-story residential tower, and it is situated on the southern tip of Miami Beach, in the South of Fifth Street neighborhood. The building is a response to its site, context and env',3,'PodiumS_FULL_04MAY_358493658.jpg','thumb_PodiumS_FULL_04MAY_358493658.jpg','Pool Deck',616,346,0,NULL,NULL,0,NULL),(127,11,'Dusk_Penthouse_FULL_05MAY_188771401','<div class=\"frameContent\">\r\n<p class=\"bold\" style=\"color: #000;\">GLASS</p>\r\n<p class=\"bold\">120 Ocean Drive<br />Miami Beach</p>\r\n<p class=\"bold\">18 floors<br />10 residences<br />360 views</p>\r\n<p class=\"bold\">Starting at just over 7 million</p>\r\n<p class=\"bold\">2,000 sq ft on floors 6 - 7<br />3,4',2,'Dusk_Penthouse_FULL_05MAY_188771401.jpg','thumb_Dusk_Penthouse_FULL_05MAY_188771401.jpg','Dusk_Penthouse_FULL_05MAY_188771401',358,201,0,NULL,0,NULL,0),(128,11,'Beach_FULL_05MAY_320993014','<div class=\"frameContent\">\r\n<p class=\"bold\" style=\"color: #000;\">GLASS</p>\r\n<p class=\"bold\">120 Ocean Drive<br />Miami Beach</p>\r\n<p class=\"bold\">18 floors<br />10 residences<br />360 views</p>\r\n<p class=\"bold\">Starting at just over 7 million</p>\r\n<p class=\"bold\">2,000 sq ft on floors 6 - 7<br />3,4',0,'Beach_FULL_05MAY_320993014.jpg','thumb_Beach_FULL_05MAY_320993014.jpg','Beach_FULL_05MAY_320993014',616,346,0,NULL,0,NULL,0),(129,10,'Kitchen','<p>10 OF MIAMI&rsquo;S FINEST. COUNT THEM.</p>\r\n<p>&nbsp;</p>\r\n<p>10 places to reflect<br /> 10 places to connect<br /> 10 places to see, hear, and feel.<br /> 10 places to live<br /> 10 places to love<br /> 10 places built into the sky.<br /> 10 unrestricted views of the city.<br /> 10 unrivaled ex',1,'Kitchen_FULL_04MAY_966638526.jpg','thumb_Kitchen_FULL_04MAY_966638526.jpg','Kitchen',358,201,0,NULL,NULL,0,NULL),(130,10,'Living Room','<p>10 OF MIAMI&rsquo;S FINEST. COUNT THEM.</p>\r\n<p>&nbsp;</p>\r\n<p>10 places to reflect<br /> 10 places to connect<br /> 10 places to see, hear, and feel.<br /> 10 places to live<br /> 10 places to love<br /> 10 places built into the sky.<br /> 10 unrestricted views of the city.<br /> 10 unrivaled ex',0,'LivingRoom_FULL_03MAY_156046567.jpg','thumb_LivingRoom_FULL_03MAY_156046567.jpg','Living Room',487,273,0,NULL,NULL,0,NULL),(131,4,'glass_map_v4_203735257','<p>MAP LEGEND</p>\r\n<ul>\r\n<li>&nbsp;</li>\r\n<li></li>\r\n</ul>\r\n<p>&nbsp;<img src=\"/uploads/pinkdot.jpg\" alt=\"&quot;Parks&lt;/p\" />Parks</p>\r\n<div class=\"mapLeyend\">\r\n<ul><!--<li><img src=\"/uploads/leyendPark.jpg\" alt=\"\" /></li>--></ul>\r\n</div>\r\n<p>A&nbsp; South Pointe Park<br /> B&nbsp; Pier Park<br />',0,'glass_map_v4_203735257.jpg','thumb_glass_map_v4_203735257.jpg','glass_map_v4_203735257',616,346,0,NULL,0,NULL,0),(134,1,'Beach_FULL_1426848957','<div class=\"content teamContent\">\r\n<div class=\"teamCol both\">\r\n<div>\r\n<div class=\"teamPic\"><img src=\"/uploads/team01.jpg\" alt=\"\" /></div>\r\n<div class=\"teamPic\"><img src=\"/uploads/team02.jpg\" alt=\"\" /></div>\r\n</div>\r\n<div class=\"teamText\">\r\n<h3>TERRA GROUP</h3>\r\n<p>The Developer</p>\r\n<p>Terra Group f',0,'Beach_FULL_1426848957.jpg','thumb_Beach_FULL_1426848957.jpg','Beach_FULL_1426848957',358,201,0,NULL,0,NULL,0),(135,1,'Beach_FULL_1363140222','<div class=\"content teamContent\">\r\n<div class=\"teamCol both\">\r\n<div>\r\n<div class=\"teamPic\"><img src=\"/uploads/team01.jpg\" alt=\"\" /></div>\r\n<div class=\"teamPic\"><img src=\"/uploads/team02.jpg\" alt=\"\" /></div>\r\n</div>\r\n<div class=\"teamText\">\r\n<h3>TERRA GROUP</h3>\r\n<p>The Developer</p>\r\n<p>Terra Group f',0,'Beach_FULL_1363140222.jpg','thumb_Beach_FULL_1363140222.jpg','Beach_FULL_1363140222',616,346,0,NULL,0,NULL,0);
/*!40000 ALTER TABLE `images` ENABLE KEYS */;
UNLOCK TABLES;

--
-- Table structure for table `imagesGroups`
--

DROP TABLE IF EXISTS `imagesGroups`;
/*!40101 SET @saved_cs_client     = @@character_set_client */;
/*!40101 SET character_set_client = utf8 */;
CREATE TABLE `imagesGroups` (
  `id` int(11) NOT NULL auto_increment,
  `name` varchar(45) default NULL,
  `page` int(11) default NULL,
  `pos` varchar(45) default NULL,
  PRIMARY KEY  (`id`)
) ENGINE=MyISAM AUTO_INCREMENT=9 DEFAULT CHARSET=utf8;
/*!40101 SET character_set_client = @saved_cs_client */;

--
-- Dumping data for table `imagesGroups`
--

LOCK TABLES `imagesGroups` WRITE;
/*!40000 ALTER TABLE `imagesGroups` DISABLE KEYS */;
INSERT INTO `imagesGroups` VALUES (8,'HORIZON STUDY',7,'1'),(1,'WATER CUBE',7,'2'),(2,'NIGHT SKY',7,'3'),(3,'REFLECTION',7,'4'),(4,'Pool Flats - 2 bedroom',10,'1'),(5,'Pool Flats - 3 bedroom',10,'2'),(6,'3 bedroom',10,'3'),(7,'4 bedroom',10,'4');
/*!40000 ALTER TABLE `imagesGroups` ENABLE KEYS */;
UNLOCK TABLES;

--
-- Table structure for table `intra_users`
--

DROP TABLE IF EXISTS `intra_users`;
/*!40101 SET @saved_cs_client     = @@character_set_client */;
/*!40101 SET character_set_client = utf8 */;
CREATE TABLE `intra_users` (
  `userID` int(11) NOT NULL,
  `username` varchar(45) collate utf8_spanish_ci default NULL,
  `password` varchar(200) collate utf8_spanish_ci default NULL,
  `email` varchar(45) collate utf8_spanish_ci default NULL,
  `active` varchar(45) collate utf8_spanish_ci default NULL,
  PRIMARY KEY  (`userID`)
) ENGINE=InnoDB DEFAULT CHARSET=utf8 COLLATE=utf8_spanish_ci;
/*!40101 SET character_set_client = @saved_cs_client */;

--
-- Dumping data for table `intra_users`
--

LOCK TABLES `intra_users` WRITE;
/*!40000 ALTER TABLE `intra_users` DISABLE KEYS */;
INSERT INTO `intra_users` VALUES (1,'admin','732dca7fb078d05b0c7978614d851db0ee89d04aca6447fe6ba802b1776f5e55','info@glass120ocean.com','1');
/*!40000 ALTER TABLE `intra_users` ENABLE KEYS */;
UNLOCK TABLES;

--
-- Table structure for table `menu`
--

DROP TABLE IF EXISTS `menu`;
/*!40101 SET @saved_cs_client     = @@character_set_client */;
/*!40101 SET character_set_client = utf8 */;
CREATE TABLE `menu` (
  `id` int(11) NOT NULL auto_increment,
  `name` varchar(45) collate utf8_spanish_ci default NULL,
  `orden` int(11) default NULL,
  `parent` int(11) default '0',
  `url` varchar(45) collate utf8_spanish_ci default NULL,
  `page` int(11) default NULL,
  PRIMARY KEY  (`id`)
) ENGINE=InnoDB AUTO_INCREMENT=15 DEFAULT CHARSET=utf8 COLLATE=utf8_spanish_ci;
/*!40101 SET character_set_client = @saved_cs_client */;

--
-- Dumping data for table `menu`
--

LOCK TABLES `menu` WRITE;
/*!40000 ALTER TABLE `menu` DISABLE KEYS */;
INSERT INTO `menu` VALUES (1,'vision',1,0,NULL,NULL),(2,'building',2,0,NULL,NULL),(3,'environment',3,0,NULL,NULL),(4,'The Team',3,1,'the+team',1),(6,'Exterior',1,2,'exterior',3),(7,'Area',4,3,'area',4),(9,'Experience',3,2,'experience',6),(10,'Inspiration',2,1,'inspiration',7),(11,'Videos',4,1,'videos',8),(12,'Culture',NULL,3,'culture',9),(13,'Residences',2,2,'residences',10);
/*!40000 ALTER TABLE `menu` ENABLE KEYS */;
UNLOCK TABLES;

--
-- Table structure for table `page`
--

DROP TABLE IF EXISTS `page`;
/*!40101 SET @saved_cs_client     = @@character_set_client */;
/*!40101 SET character_set_client = utf8 */;
CREATE TABLE `page` (
  `id` int(11) NOT NULL auto_increment,
  `name` varchar(45) collate utf8_spanish_ci NOT NULL,
  `menu` int(11) NOT NULL default '0',
  `orden` int(11) NOT NULL default '0',
  `content` longtext collate utf8_spanish_ci,
  `template` int(11) default '0',
  `description` varchar(300) collate utf8_spanish_ci default NULL,
  `url` varchar(45) collate utf8_spanish_ci default NULL,
  `slide` int(11) default NULL,
  PRIMARY KEY  (`id`)
) ENGINE=InnoDB AUTO_INCREMENT=19 DEFAULT CHARSET=utf8 COLLATE=utf8_spanish_ci;
/*!40101 SET character_set_client = @saved_cs_client */;

--
-- Dumping data for table `page`
--

LOCK TABLES `page` WRITE;
/*!40000 ALTER TABLE `page` DISABLE KEYS */;
INSERT INTO `page` VALUES (1,'The Team',1,0,'<div class=\"content teamContent\">\r\n<div class=\"teamCol both\">\r\n<div>\r\n<div class=\"teamPic\"><img src=\"/uploads/team01.jpg\" alt=\"\" /></div>\r\n<div class=\"teamPic\"><img src=\"/uploads/team02.jpg\" alt=\"\" /></div>\r\n</div>\r\n<div class=\"teamText\">\r\n<h3>TERRA GROUP</h3>\r\n<p>The Developer</p>\r\n<p>Terra Group formed in 2001, with the ambition to evolve the Miami landscape - and by extension, the lives of the people within it. Terra Group&rsquo;s founder, Pedro Martin, has spent his entire professional life in South Florida, subsequently recognizing the opportunity to enrich and invigorate Miami by creating truly original, exceptional spaces in unexpected places. Together with his son, David, Terra Group has made it their mission to refine (and redefine) the way people could and should live, beyond the norm.</p>\r\n<p>With an in-house team of the very best people in their field &ndash; architects, builders, lawyers, designers - David and Pedro have quickly gained a reputation for creating highly original, high-end residential, commercial and mixed-used projects. However, unlike other developers &ndash; and as Miami residents themselves &ndash; Pedro and David do not simply buy up unwanted pieces of real estate with the hope of giving them a facelift. (After all, that is not progress). Instead, they choose only to work on projects that speak to their imaginations, and to their vision of a new Miami: one which helps people, and places to unlock or realize their full potential. As each project is carefully selected with an individual plan in mind, Terra Group ensures that their work makes a lasting contribution, not just to the landscape, but to the culture of Miami as a whole.</p>\r\n<p>By following their evolutionary instinct to this day, Pedro and David continue to find new opportunities, creating enriching (not to mention award-winning) connections between people and places. With an active involvement in South Florida&rsquo;s charitable, civic, arts and cultural organizations, Terra Group remain acutely aware of how our environment defines us, as much as we define it.</p>\r\n<p>For Terra Group, evolution is not a theory. It is a practice.</p>\r\n</div>\r\n</div>\r\n<div class=\"teamCol single\">\r\n<div class=\"teamPic\"><img src=\"/uploads/team03.jpg\" alt=\"\" /></div>\r\n<div class=\"teamText\">\r\n<h3>RENE GONZALEZ</h3>\r\n<p>The Architect</p>\r\n<p>There&rsquo;s a good chance you&rsquo;ve already heard of Rene Gonzalez and his firm, Rene Gonzalez Architect. If that&rsquo;s the case, then you may well share his taste for subtle contemporary details. Or the way he intentionally blurs the boundaries between the man-made and the natural landscape (what he describes as a &ldquo;design conversation&rdquo;). Or maybe you enjoy the tactility of his work &ndash; how his surprising choice of materials heightens your senses and makes you think about places in new and exciting ways. Perhaps you&rsquo;ve seen him mentioned in Wallpaper* magazine, The New York Times, The Wall Street Journal, Architectural Record, Architectural Digest... Or maybe you own a copy of the contemporary design book, Four Florida Moderns, and love the examples of the firm&rsquo;s work that you saw. What you may not realize is that Rene has been included in more than 150 national and international publications, receiving Metropolitan Home magazine&rsquo;s Home of the Year Award for design excellence in addition to being honored by Conde Nast&rsquo;s House &amp; Garden as one of 50 international designers that represent the future of design. His unique approach has certainly not gone unnoticed by his peers: Rene is the only Miami architect to receive a National American Institute of Architecture Design Award in the last 10 years for a project in South Florida. He is also the first architect in 50 years to be twice honored for Miami projects (in 2011 for Alchemist and in 2006 for Karla). Then there are his two National AIA Honor Awards, a Florida AIA Award, and a total of ten Miami AIA Awards, including the H. Samuel Kruse Silver Medal for Design in 2012 and the Firm of the Year award in 2011. If that wasn&rsquo;t praise enough, he was twice nominated for the Cooper-Hewitt Museum&rsquo;s National Design Award in Architecture.</p>\r\n<p>Then again, it is possible that you have never heard of Rene at all. You might not know that his team was responsible for the Cisneros Fontanals Art Foundation building (a jewel in the urban landscape, with lush vegetation depicted on its glistening glass tile fa&ccedil;ade), or the two Alchemist boutiques on Lincoln Road (one perched in the sky like a floating glass cloud, the other an insulated box nestled into the ground floor). You might not have seen the home on Indian Creek that captures, filters and reflects the water, radiant sun and meditative moon, but you may well have heard that it subsequently became Miami&rsquo;s most expensive residence.</p>\r\n<p>Whether you&rsquo;re aware of Rene&rsquo;s work or not, the whole of Miami has been consciously or unconsciously drawn into his &lsquo;design conversations&rsquo; - engaging our senses, and prompting us to think differently about our surroundings.</p>\r\n</div>\r\n</div>\r\n<div class=\"teamCol single\">\r\n<div class=\"teamPic\"><img src=\"/uploads/team04.jpg\" alt=\"\" /></div>\r\n<div class=\"teamText\">\r\n<h3>RAYMOND JUNGLES</h3>\r\n<p>The Landscape Architect</p>\r\n<p>Words can&rsquo;t really do justice to Raymond&rsquo;s work. You have to see it for yourself. You have to feel it for yourself. After all, that is the plan. Or rather, the design.</p>\r\n<p>From their loft-style studio overlooking the Miami River, Raymond Jungles Inc. has been meticulously bringing their sensuous outdoor spaces to life since 1981. In that time, their work has earned them 35 different design awards, and taken them to eleven different countries - including Antigua, Anguilla, the Bahamas, British Virgin Islands, China, Costa Rica, Mexico, Panama, St. Kitts and Nevis. (Which is just as well, as it&rsquo;s Raymond&rsquo;s inherent passion for local ecologies that informs his work).</p>\r\n<p>During his time at the University of Florida, Raymond&rsquo;s vision was awakened by the work of Brazilian landscape architect, Roberto Burle Marx. And whilst Marx went on to become Raymond&rsquo;s friend and mentor, RJI have continued to push the boundaries of landscape design, creating timeless, inspirational places that bring us all closer to the natural world. By posing the question &ldquo;What should it be?&rdquo; rather than &ldquo;What could it be?&rdquo; Raymond exploits (and capitalizes on) the sculptural potential of nature, allowing his elements to define spaces through their innate shapes and forms. In other words, he gives nature a platform to surprise and inspire us.</p>\r\n<p>But you really do have to see it for yourself.</p>\r\n</div>\r\n</div>\r\n</div>\r\n<div class=\"clr\">&nbsp;</div>',3,'The Team','the+team',NULL),(3,'Exterior',2,0,'<p>WE KNOW WHAT YOU&rsquo;RE THINKING: &ldquo;WHY IS IT CALLED GLASS?&rdquo;<br /><br />Ok. So simply put, Glass is an 18-story residential tower, and it is situated on the southern tip of Miami Beach, in the South of Fifth Street neighborhood. The building is a response to its site, context and environment (but you might already know that from the &ldquo;Inspiration&rdquo; page). The tower is designed to dematerialize as it rises, with its exterior almost entirely disappearing into the atmosphere due its compositional use of fritted, patterned glass.&nbsp;Glass reflects, captures and abstracts the natural landscape of sand, sea and sky, while retaining the essence of place through its architectural design, its materials, surface textures and tonal color.<br /><br />So not so much simple, as extremely elegant.</p>',1,'','exterior',NULL),(4,'Area',3,0,'<p>MAP LEGEND</p>\r\n<ul>\r\n<li>&nbsp;</li>\r\n<li></li>\r\n</ul>\r\n<p>&nbsp;<img src=\"/uploads/pinkdot.jpg\" alt=\"&quot;Parks&lt;/p\" />Parks</p>\r\n<div class=\"mapLeyend\">\r\n<ul><!--<li><img src=\"/uploads/leyendPark.jpg\" alt=\"\" /></li>--></ul>\r\n</div>\r\n<p>A&nbsp; South Pointe Park<br /> B&nbsp; Pier Park<br /> C&nbsp; Prime 112<br /> D&nbsp; Joe&rsquo;s Stone Crab<br /> E&nbsp; Majory Stoneman Douglas &nbsp;<br /><span style=\"margin-left: 15px;\">Ocean Beach Park</span><br /> F&nbsp; Smith &amp; Wollensky<br /> G&nbsp; Washington Park<br /> H&nbsp; The Room<br /> I&nbsp;&nbsp;&nbsp; Lummus Park<br /> J&nbsp;&nbsp; The Wolfsonian-FIU<br /> K&nbsp; Flamingo Park &amp; Pool<br /> L&nbsp;&nbsp; Maurice Gibb Memorial Park<br /> M Lincoln Road<br /> N&nbsp; 21st&nbsp; Street Recreation Center<br /> O&nbsp; Collins Park<br /> P&nbsp; Bass Museum<br /> Q&nbsp; Miami Beach Botanical Garden<br /> R&nbsp; New World Symphony<br /> S&nbsp;&nbsp; Aroma Espresso Bar<br /> T&nbsp;&nbsp; Estiatorio Milos<br /> U&nbsp;&nbsp; Jewish Museum of Florida <br /> V&nbsp;&nbsp; Miami City Ballet<br /> W&nbsp; Miami Beach Golf Course<br /> X &nbsp; Jackie Gleason Theater<br /> Y&nbsp;&nbsp; The Filmore Miami Beach<br /><span style=\"margin-left: 15px;\">At The Jackie Gleason Theater</span></p>',2,'Map','area',NULL),(6,'Experience',2,0,'<p>IF ONLY THIS HEADLINE WAS AS INTERESTING AS OUR INTERIORS. </p>\r\n<p>You see, experiences are good. They make us see things in different ways. Just like that headline did. Which is why the gradient colors of Glass shift thematically from deep to shallow water, whilst the color of the sky changes as your eye travels upward from the horizon line. </p>\r\n<p>Meanwhile, inside the building, the elevator contains an interactive installation, designed by artist Ivan Toth Depe&ntilde;a with archtect, Rene Gonzalez), which mimics the transition from water to sky.</p>\r\n<p>Elsewhere, the building&rsquo;s mirrored walls at each entry were put there to reflect the spectacular view of the Atlantic Ocean. Whilst each foyer also contains a custom ceiling combining a latex surface and a programmable lighting system designed to evoke the star-lit canopy of both urban and rural skies.</p>',1,'','experience',NULL),(7,'Inspiration',1,0,'<div>\r\n<p>WE&rsquo;LL TRY NOT TO GET TOO CARRIED AWAY HERE. IT&rsquo;S NOT OUR STYLE</p>\r\n<p>You see, we could tell you that Glass is like living in a cube of water (good if you&rsquo;re a fish). Or we could tell you that Glass is like living in the sky (good if you&rsquo;re a bird). Or we could say that Glass is ethereal (good if you&rsquo;re a ghost).</p>\r\n<p>The simple truth is, Glass is designed to reflect and respond to the natural elements of the Miami skyline. It rises subtly into the sky, via the beach and waves, and merges effortlessly into its surroundings.</p>\r\n<p>Which is absolutely excellent if you&rsquo;re a human being.</p>\r\n<p>&nbsp;</p>\r\n</div>\r\n<div><a class=\"mapLinks group\" rel=\"1\">&gt; HORIZON STUDY</a></div>\r\n<div class=\"desc_1 linkDesc\">Into the atmosphere: Comparative illustration of how the building seems to dematerialize and echo the effect of water and sky.</div>\r\n<div><a class=\"mapLinks group\" rel=\"2\">&gt; WATER CUBE</a></div>\r\n<div class=\"desc_2 linkDesc\">From the deep end to the water&rsquo;s edge: deep to shallow water tones also translate to the building\'s architecture.</div>\r\n<div><a class=\"mapLinks group\" rel=\"3\">&gt; NIGHT SKY</a></div>\r\n<div class=\"desc_3 linkDesc\">The stars come out and night: Illustrations showing night sky under various conditions.</div>\r\n<div><a class=\"mapLinks group\" rel=\"4\">&gt; REFLECTION</a></div>\r\n<div class=\"desc_4 linkDesc\">Where the waves meet the shore: Water reflection studies</div>',1,'INSPIRATION GALLERY','inspiration',1),(8,'Videos',1,0,'<p>I KNOW, I KNOW, YOU&rsquo;VE BEEN MEANING TO READ MORE.</p>\r\n<p>&nbsp;Sometimes it&rsquo;s good to mix things up a little. So watch this short film we made about Glass &ndash; soak up the sights, the sounds, the mood of the building &ndash; and then read the rest of this site. After all, change is good thing.</p>',4,'','videos',NULL),(9,'Culture',3,0,'<p>WELCOME TO THE NEIGHBORHOOD!</p>\r\n<p><br />Sky, sand, and sea are the backdrop for South of Fifth&rsquo;s unique melding of the natural world and urbanity. The beach, marina, park, and port are magnets for spending time outdoors. The location, just blocks from the heart of South Beach and the Art Deco District, makes for easy access to Miami Beach&rsquo;s rich cultural offerings. Museums, the symphony, ballet, the world-class shopping on and around Lincoln Road, art galleries, cinemas, and award-winning restaurants&hellip;it&rsquo;s hard to imagine a better place.</p>\r\n<p>&nbsp;</p>',1,'','culture',NULL),(10,'Residences',2,0,'<p>10 OF MIAMI&rsquo;S FINEST. COUNT THEM.</p>\r\n<p>&nbsp;</p>\r\n<p>10 places to reflect<br /> 10 places to connect<br /> 10 places to see, hear, and feel.<br /> 10 places to live<br /> 10 places to love<br /> 10 places built into the sky.<br /> 10 unrestricted views of the city.<br /> 10 unrivaled examples of beauty.</p>\r\n<p>But 1 extraordinary development.&nbsp;</p>\r\n<p>&nbsp;</p>\r\n<hr />\r\n<p>&nbsp;</p>\r\n<p>FLOOR PLANS</p>\r\n<p>Floors 6-7 Pool Flats</p>\r\n<div><a class=\"mapLinks\" rel=\"110\">&gt; 2 bedroom</a></div>\r\n<div class=\"desc_110 linkDesc\"><a href=\"/uploads/FLOOR 05_POOL FLAT 2 BEDROOM-03.pdf\" target=\"_blank\">Download Floor Plan</a></div>\r\n<div><a class=\"mapLinks\" rel=\"111\">&gt; 3 bedroom</a></div>\r\n<div class=\"desc_111 linkDesc\"><a href=\"/uploads/FLOOR 06_POOL FLAT 3 BEDROOM.pdf\" target=\"_blank\">Download Floor Plan</a></div>\r\n<p>&nbsp;</p>\r\n<p>Floors 8-15</p>\r\n<div><a class=\"mapLinks\" rel=\"112\">&gt; 3 bedroom</a></div>\r\n<div class=\"desc_112 linkDesc\"><a href=\"/uploads/FLOOR 07-13_TYPICAL 3 BEDROOM.pdf\" target=\"_blank\">Download Floor Plan</a></div>\r\n<div><a class=\"mapLinks\" rel=\"113\">&gt; 4 bedroom</a></div>\r\n<div class=\"desc_113 linkDesc\"><a href=\"/uploads/FLOOR 07-13_TYPICAL 4 BEDROOM-02.pdf\" target=\"_blank\">Download Floor Plan</a></div>\r\n<div class=\"desc_113 linkDesc\">&nbsp;</div>\r\n<p>&nbsp;</p>\r\n<p>For information regarding the Penthouse, please contact Eloy Carmenate at 305.503.0478.</p>',1,'','residences',1),(11,'Splash',0,0,'<div class=\"frameContent\">\r\n<div style=\"width: 135px; margin: auto;\">&nbsp;</div>\r\n<p class=\"bold\" style=\"color: #000;\">GLASS</p>\r\n<p class=\"bold\">120 Ocean Drive<br />Miami Beach</p>\r\n<p class=\"bold\">18 floors,<br />10 residences,<br />360 views</p>\r\n<p class=\"bold\">Starting at just over 7 million</p>\r\n<p class=\"bold\">2,000 sq ft on floors 6 &amp; 7<br />3,400 sq ft on floors 8 - 15<br />Penthouse occupying floors 16 - 18</p>\r\n<br /> <br />\r\n<p class=\"bold\">ACCESS THE WEBSITE</p>\r\n<p class=\"link startForm\">I don\'t have a passcode.</p>\r\n<p class=\"link\"><a href=\"/login\">I have a passcode.</a></p>\r\n</div>\r\n<p class=\"link startForm\">&nbsp;</p>\r\n<div class=\"frameForm\">\r\n<div style=\"width: 135px; margin: auto;\"><img src=\"/uploads/terraLogoBlack.png\" alt=\"\" /></div>\r\n<br /><br /><br /><br /><br />\r\n<p class=\"bold\">PLEASE COMPLETE<br />THE FORM BELOW TO<br />ACCESS THE GLASS<br /> WEBSITE</p>\r\n<p>GLASS<br />120 Ocean Drive<br />Miami Beach, Florida 33139<br />glass120ocean.com</p>\r\n<p>Owned and developed by Terra Group.</p>\r\n<p>Representation by Eloy Carmenate<br />119 Washington Avenue, Suite 600<br />Miami Beach, FL 33139<br />305.503.0478</p>\r\n<p>Broker participation welcome.</p>\r\n<p>&nbsp;</p>\r\n<p>&nbsp;</p>\r\n<div><form id=\"contactform\" action=\"/form/register\" method=\"post\"><fieldset><label>Name</label> <input name=\"name\" type=\"text\" value=\"\" /></fieldset><fieldset><label>Last name</label> <input name=\"last\" type=\"text\" value=\"\" /></fieldset><fieldset><label>Email address</label> <input name=\"email\" type=\"text\" value=\"\" /></fieldset><fieldset><label>Subject</label> <input name=\"subject\" type=\"text\" value=\"\" /></fieldset><fieldset><label>Message</label> <textarea name=\"message\"></textarea></fieldset><fieldset><input type=\"submit\" value=\"SUBMIT\" /></fieldset></form></div>\r\n</div>',6,'','splash',NULL),(12,'Home',0,0,NULL,5,'','home',NULL),(13,'Login',0,0,'<div class=\"frameLogin\">\r\n<p class=\"title\">PLEASE ENTER THE PASSCODE<br />FROM YOUR WELCOME EMAIL</p>\r\n<p>&nbsp;</p>\r\n<form id=\"contactform\" action=\"/login/run\" method=\"post\"><fieldset><label>E-Mail Address</label> <input name=\"email\" type=\"text\" value=\"\" /></fieldset><fieldset><label>Passcode</label> <input name=\"passcode\" type=\"password\" value=\"\" /></fieldset><br /><fieldset><input type=\"submit\" value=\"SUBMIT\" /></fieldset></form></div>',7,'','login',NULL),(16,'Disclaimer',0,0,'<div class=\"contentPage\">\r\n<p>All dimensions are approximate and all floor plans are subject to change by the developer without notice.&nbsp; All plans and renderings are artist conceptual.&nbsp; Stated dimensions are measured to the exterior boundaries of the exterior walls and in fact vary from the dimensions that would be determined by using the description and definition of the &ldquo;Unit&rdquo; set forth in the Declaration (which generally only includes the interior airspace between the perimeter walls and excludes interior structural components).<br />&nbsp;<br />Equal housing opportunity, broker participation welcome, oral representation cannot be relied upon as correctly stating the representation of the developer. For correct representation, make reference to the documents required by section 718.503 Florida statutes, to be furnished by the Developer to a buyer or Lessee.&nbsp; Not an offer where prohibited by State statutes. All illustrations are artistic conceptual renderings and are subject to change without notice.</p>\r\n</div>',3,'','disclaimer',NULL),(18,'Contact',0,0,'<div class=\"contentPage\" style=\"top: -14px; min-width: 1100px;\">\r\n<div style=\"float: left; width: 220px;\">\r\n<div style=\"width: 135px; margin: auto;\"><img src=\"/uploads/terraLogoBlack.jpg\" alt=\"\" /></div>\r\n<div class=\"frameForm\" style=\"text-align: left; display: block;\"><br class=\"bold\" />\r\n<p>Owned and developed by Terra Group. <br /><br /></p>\r\n<p>Representation by Eloy Carmenate: 119 Washington Avenue, Suite 600<br />Miami Beach, FL 33139<br />305.503.0478</p>\r\n<p><br /><br /></p>\r\n<p>CONTACT US</p>\r\n<form id=\"contactform\" class=\"contactSection\" action=\"/form/contact\" method=\"post\"><fieldset><label>Name</label> <input name=\"name\" type=\"text\" value=\"\" /></fieldset><fieldset><label>Email address</label> <input name=\"email\" type=\"text\" value=\"\" /></fieldset><fieldset><label>Subject</label> <input name=\"subject\" type=\"text\" value=\"\" /></fieldset><fieldset><label>Message</label> <textarea name=\"message\"></textarea></fieldset><fieldset><input type=\"submit\" value=\"SUBMIT\" /></fieldset></form></div>\r\n</div>\r\n<div style=\"float: left; width: 100%; max-width: 873px;\"><img style=\"width: 100%;\" src=\"/uploads/Beach_FULL.jpg\" alt=\"\" /></div>\r\n<p class=\"clr\">&nbsp;</p>\r\n</div>',3,'','contact',NULL);
/*!40000 ALTER TABLE `page` ENABLE KEYS */;
UNLOCK TABLES;

--
-- Table structure for table `request`
--

DROP TABLE IF EXISTS `request`;
/*!40101 SET @saved_cs_client     = @@character_set_client */;
/*!40101 SET character_set_client = utf8 */;
CREATE TABLE `request` (
  `id` int(11) NOT NULL auto_increment,
  `name` varchar(45) default NULL,
  `last` varchar(45) default NULL,
  `email` varchar(45) default NULL,
  `how` varchar(45) default NULL,
  `subject` varchar(45) default NULL,
  `message` varchar(300) default NULL,
  PRIMARY KEY  (`id`)
) ENGINE=MyISAM AUTO_INCREMENT=36 DEFAULT CHARSET=utf8;
/*!40101 SET character_set_client = @saved_cs_client */;

--
-- Dumping data for table `request`
--

LOCK TABLES `request` WRITE;
/*!40000 ALTER TABLE `request` DISABLE KEYS */;
INSERT INTO `request` VALUES (3,'Dan','Triano','dan.triano@gmail.com',NULL,'pupu',NULL),(4,'','','',NULL,'',''),(5,'','','',NULL,'',''),(6,'','','',NULL,'',''),(7,'ytt','','',NULL,'',''),(8,'Albert','pujals','albert@lemonyellow.com',NULL,'',''),(9,'asd','asd','asd',NULL,'asd','asd'),(10,'Albert','Pujals','albert@lemonyellow.com',NULL,'hola','yes'),(11,'Albert','Pujals','albert@lemonyellow.com',NULL,'hola','yes'),(12,'da','ds','ds',NULL,'sd','fs'),(13,'das','asd','dan@almabranding.com',NULL,'asd','dasd'),(14,'da','asd','dan@almabranding.com',NULL,'asd',''),(15,'da','asd','dan@almabranding.com',NULL,'asd',''),(16,'da','asd','dan@almabranding.com',NULL,'asd',''),(17,'Albert','Pujals','albert@lemonyellow.com',NULL,'hola','yes'),(18,'Dan','Triano','dan@almabranding.com',NULL,'test','test message'),(19,'das','asd','dan@almabranding.com',NULL,'daosf','dasd'),(20,'Dan','Triano','dan@almabranding.com',NULL,'sub test','test'),(21,'Albert','Pujals','albert@lemonyellow.com',NULL,'hola','plin'),(22,'Chris','Simpson','c.bradley.simpson@gmail.com',NULL,'Glass 120 Ocean','Great looking project.  Please keep me on your mailing list for updates.'),(23,'Adam','Hughes','adam@lemonyellow.com',NULL,'test','test'),(24,'Tina','Kaplan ','tina@eloyc.com',NULL,'test','test'),(25,'Brian','Pearl','bpearl@terragroup.com',NULL,'Login',''),(26,'','','',NULL,'',''),(27,'','','',NULL,'',''),(28,'Eloy','Carmenate ','Eloy@eloyc.com',NULL,'Test','Whuuut\r\n'),(29,'Alixa','Castellanos','alixa@eloyc.com',NULL,'website access',''),(30,'','','',NULL,'',''),(31,'Adam','Adler','aadler@terragroup.com',NULL,'Re: Test',''),(32,'nadine','herrera','nherrera@terragroup.com',NULL,'need passcode',''),(33,'Adam','Kruszelnicki','HeyAdam@mac.com',NULL,'Glass Info','Hello Eloy,\r\n\r\nIt was a pleasure to finally meet you yesterday at your fantastic reception for Glass. Congratulations on this spectacular project.\r\n\r\nI\\\'m looking forward to having access to your website so I can see more details.\r\n\r\nAlso, I just wanted to take a moment to say Thank You very much fo'),(34,'Chris Soares','Soares','chris.soares@zilbert.com',NULL,'Clients from Brazil for the Glass Project','Hi, \r\n\r\nI have clients interested in learning moare about this project. Could you send me information.\r\n\r\nThank you,\r\n\r\nChris Soares'),(35,'MAURICIO','Velez','Mauriciovelez60@yahoo.com',NULL,'Info','');
/*!40000 ALTER TABLE `request` ENABLE KEYS */;
UNLOCK TABLES;

--
-- Table structure for table `template`
--

DROP TABLE IF EXISTS `template`;
/*!40101 SET @saved_cs_client     = @@character_set_client */;
/*!40101 SET character_set_client = utf8 */;
CREATE TABLE `template` (
  `id` int(11) NOT NULL auto_increment,
  `name` varchar(45) collate utf8_spanish_ci default NULL,
  `URL` varchar(45) collate utf8_spanish_ci default NULL,
  `description` varchar(100) collate utf8_spanish_ci default NULL,
  PRIMARY KEY  (`id`)
) ENGINE=InnoDB AUTO_INCREMENT=8 DEFAULT CHARSET=utf8 COLLATE=utf8_spanish_ci;
/*!40101 SET character_set_client = @saved_cs_client */;

--
-- Dumping data for table `template`
--

LOCK TABLES `template` WRITE;
/*!40000 ALTER TABLE `template` DISABLE KEYS */;
INSERT INTO `template` VALUES (1,'Building','building',NULL),(2,'Map','map',NULL),(3,'Page','page',NULL),(4,'Video','video',NULL),(5,'Home','',NULL),(6,'Splash','',NULL),(7,'Login',NULL,NULL);
/*!40000 ALTER TABLE `template` ENABLE KEYS */;
UNLOCK TABLES;

--
-- Table structure for table `users`
--

DROP TABLE IF EXISTS `users`;
/*!40101 SET @saved_cs_client     = @@character_set_client */;
/*!40101 SET character_set_client = utf8 */;
CREATE TABLE `users` (
  `id` int(11) NOT NULL auto_increment,
  `name` varchar(45) default NULL,
  `last` varchar(45) default NULL,
  `passcode` varchar(200) default NULL,
  `email` varchar(45) default NULL,
  `role` varchar(45) default NULL,
  PRIMARY KEY  (`id`)
) ENGINE=MyISAM AUTO_INCREMENT=25 DEFAULT CHARSET=utf8;
/*!40101 SET character_set_client = @saved_cs_client */;

--
-- Dumping data for table `users`
--

LOCK TABLES `users` WRITE;
/*!40000 ALTER TABLE `users` DISABLE KEYS */;
INSERT INTO `users` VALUES (1,'admin',NULL,'passcode','dan2@almabranding.com','user'),(3,'born',NULL,'glass','born','user'),(15,'Tina','Kaplan ','3upc5o2r','tina@eloyc.com','user'),(14,'Adam','Hughes','02u7jrua','adam@lemonyellow.com','user'),(13,'Chris','Simpson','6x2kwx4t','c.bradley.simpson@gmail.com','user'),(11,'Dan','Triano','0a7csaxq','dan@almabranding.com','user'),(12,'Albert','Pujals','kkvwanzm','albert@lemonyellow.com','user'),(16,'Brian','Pearl','6x4a6hnr','bpearl@terragroup.com','user'),(17,'','','yrcbphyb','','user'),(18,'Eloy','Carmenate ','4gb0h2fc','Eloy@eloyc.com','user'),(19,'Alixa','Castellanos','w453eijg','alixa@eloyc.com','user'),(20,'Adam','Adler','gmobprrd','aadler@terragroup.com','user'),(21,'nadine','herrera','zf5owucw','nherrera@terragroup.com','user'),(22,'Adam','Kruszelnicki','ni0yvgnd','HeyAdam@mac.com','user'),(23,'Chris Soares','Soares','7k6vwuwp','chris.soares@zilbert.com','user'),(24,'MAURICIO','Velez','iqpfv6z2','Mauriciovelez60@yahoo.com','user');
/*!40000 ALTER TABLE `users` ENABLE KEYS */;
UNLOCK TABLES;
/*!40103 SET TIME_ZONE=@OLD_TIME_ZONE */;

/*!40101 SET SQL_MODE=@OLD_SQL_MODE */;
/*!40014 SET FOREIGN_KEY_CHECKS=@OLD_FOREIGN_KEY_CHECKS */;
/*!40014 SET UNIQUE_CHECKS=@OLD_UNIQUE_CHECKS */;
/*!40101 SET CHARACTER_SET_CLIENT=@OLD_CHARACTER_SET_CLIENT */;
/*!40101 SET CHARACTER_SET_RESULTS=@OLD_CHARACTER_SET_RESULTS */;
/*!40101 SET COLLATION_CONNECTION=@OLD_COLLATION_CONNECTION */;
/*!40111 SET SQL_NOTES=@OLD_SQL_NOTES */;

-- Dump completed on 2013-05-10 15:00:27
