CREATE DATABASE  IF NOT EXISTS `almaglass` /*!40100 DEFAULT CHARACTER SET utf8 */;
USE `almaglass`;
-- MySQL dump 10.13  Distrib 5.5.24, for osx10.5 (i386)
--
-- Host: almaglass.db.10501816.hostedresource.com    Database: almaglass
-- ------------------------------------------------------
-- Server version	5.0.96-log

/*!40101 SET @OLD_CHARACTER_SET_CLIENT=@@CHARACTER_SET_CLIENT */;
/*!40101 SET @OLD_CHARACTER_SET_RESULTS=@@CHARACTER_SET_RESULTS */;
/*!40101 SET @OLD_COLLATION_CONNECTION=@@COLLATION_CONNECTION */;
/*!40101 SET NAMES utf8 */;
/*!40103 SET @OLD_TIME_ZONE=@@TIME_ZONE */;
/*!40103 SET TIME_ZONE='+00:00' */;
/*!40014 SET @OLD_UNIQUE_CHECKS=@@UNIQUE_CHECKS, UNIQUE_CHECKS=0 */;
/*!40014 SET @OLD_FOREIGN_KEY_CHECKS=@@FOREIGN_KEY_CHECKS, FOREIGN_KEY_CHECKS=0 */;
/*!40101 SET @OLD_SQL_MODE=@@SQL_MODE, SQL_MODE='NO_AUTO_VALUE_ON_ZERO' */;
/*!40111 SET @OLD_SQL_NOTES=@@SQL_NOTES, SQL_NOTES=0 */;

--
-- Not dumping tablespaces as no INFORMATION_SCHEMA.FILES table on this server
--

--
-- Table structure for table `images`
--

DROP TABLE IF EXISTS `images`;
/*!40101 SET @saved_cs_client     = @@character_set_client */;
/*!40101 SET character_set_client = utf8 */;
CREATE TABLE `images` (
  `id` int(11) NOT NULL auto_increment,
  `page` int(11) default NULL,
  `name` varchar(45) collate utf8_spanish_ci default NULL,
  `info` varchar(300) collate utf8_spanish_ci default NULL,
  `orden` int(11) NOT NULL default '0',
  `img` varchar(150) collate utf8_spanish_ci default NULL,
  `thumb` varchar(150) collate utf8_spanish_ci default NULL,
  `caption` varchar(70) collate utf8_spanish_ci default NULL,
  `w` int(11) default NULL,
  `h` int(11) default NULL,
  `video` int(11) default '0',
  `vimeo` varchar(100) collate utf8_spanish_ci default NULL,
  `replace` int(11) default '0',
  `group` int(11) default NULL,
  PRIMARY KEY  (`id`,`orden`)
) ENGINE=InnoDB AUTO_INCREMENT=94 DEFAULT CHARSET=utf8 COLLATE=utf8_spanish_ci;
/*!40101 SET character_set_client = @saved_cs_client */;

--
-- Dumping data for table `images`
--

LOCK TABLES `images` WRITE;
/*!40000 ALTER TABLE `images` DISABLE KEYS */;
INSERT INTO `images` VALUES (7,7,'Reflective Ripple','<p>Imagine living in a cube of water. Seriously... Imagine the calming sunlight dappling though the waves. Imagine the peace and tranquility of floating...<br /> Now imagine, living in the sky.<br /> Within Glass, these two things become indistinguishable.</p>\r\n<p>&nbsp;</p>',7,'STG_5016-copy-web_2068316108.jpg','thumb_STG_5016-copy-web_2068316108.jpg','Reflective Ripple',616,346,0,NULL,NULL,0),(8,7,'Sand Reflection','<p>Imagine living in a cube of water. Seriously... Imagine the calming sunlight dappling though the waves. Imagine the peace and tranquility of floating...<br /> Now imagine, living in the sky.<br /> Within Glass, these two things become indistinguishable.</p>\r\n<p>&nbsp;</p>',0,'STG_5310-copy-web_64095137.jpg','thumb_STG_5310-copy-web_64095137.jpg','Sand Reflection',616,346,0,NULL,NULL,0),(9,7,'Wave & Sky','<p>Imagine living in a cube of water. Seriously... Imagine the calming sunlight dappling though the waves. Imagine the peace and tranquility of floating...<br /> Now imagine, living in the sky.<br /> Within Glass, these two things become indistinguishable.</p>\r\n<p>&nbsp;</p>',2,'STG_5334_wave_B&W-copy-web_1708866203.jpg','thumb_STG_5334_wave_B&W-copy-web_1708866203.jpg','Wave & Sky',616,346,0,NULL,NULL,0),(10,7,'Shore Foam','<p>Imagine living in a cube of water. Seriously... Imagine the calming sunlight dappling though the waves. Imagine the peace and tranquility of floating...<br /> Now imagine, living in the sky.<br /> Within Glass, these two things become indistinguishable.</p>\r\n<p>&nbsp;</p>',3,'STG_5174-copy-web_1729705356.jpg','thumb_STG_5174-copy-web_1729705356.jpg','Shore Foam',616,346,0,NULL,NULL,0),(12,7,'Shore Gradation','<p>Imagine living in a cube of water. Seriously... Imagine the calming sunlight dappling though the waves. Imagine the peace and tranquility of floating...<br /> Now imagine, living in the sky.<br /> Within Glass, these two things become indistinguishable.</p>\r\n<p>&nbsp;</p>',5,'STG_5266-copy-web_1738373639.jpg','thumb_STG_5266-copy-web_1738373639.jpg','Shore Gradation',487,273,0,NULL,NULL,0),(14,7,'Transparent Wave','<p>Imagine living in a cube of water. Seriously... Imagine the calming sunlight dappling though the waves. Imagine the peace and tranquility of floating...<br /> Now imagine, living in the sky.<br /> Within Glass, these two things become indistinguishable.</p>\r\n<p>&nbsp;</p>',4,'STG_5331-copy-web_288036396.jpg','thumb_STG_5331-copy-web_288036396.jpg','Transparent Wave',228,128,0,NULL,NULL,0),(15,8,'Interview with David Martin','<p>Lorem ipsum dolor sit amet, consectetur adipisicing elit, sed do eiusmod tempor incididunt ut labore et dolore magna aliqua. Ut enim ad minim veniam, quis nostrud exercitation ullamco laboris nisi ut aliquip ex ea commodo consequat. Duis aute irure dolor in reprehenderit in voluptate velit esse c',0,'vudeo1_1705824645.jpg','thumb_vudeo1_1705824645.jpg','Interview with David Martin',487,271,1,'64292955',NULL,0),(16,8,'Documentary','<p>Lorem ipsum dolor sit amet, consectetur adipisicing elit, sed do eiusmod tempor incididunt ut labore et dolore magna aliqua. Ut enim ad minim veniam, quis nostrud exercitation ullamco laboris nisi ut aliquip ex ea commodo consequat. Duis aute irure dolor in reprehenderit in voluptate velit esse c',0,'video2_1275709782.jpg','thumb_video2_1275709782.jpg','Documentary',228,117,1,'64176005',NULL,0),(17,3,'Daytime Rendering','<p>10 OF MIAMI&rsquo;S FINEST</p>\r\n<p>10 places to reflect&hellip;<br /> 10 places to connect&hellip;<br /> 10 places to see, hear, and feel.</p>\r\n<p>10 places to live&hellip;<br /> 10 places to love&hellip;<br /> 10 places built into the sky.</p>\r\n<p>10 unrestricted views of the city.</p>',4,'Exterior-02_1256953616.jpg','thumb_Exterior-02_1256953616.jpg','Exterior Rendering',616,346,0,NULL,NULL,1),(18,3,'Evening Rendering','<p>10 OF MIAMI&rsquo;S FINEST</p>\r\n<p>10 places to reflect&hellip;<br /> 10 places to connect&hellip;<br /> 10 places to see, hear, and feel.</p>\r\n<p>10 places to live&hellip;<br /> 10 places to love&hellip;<br /> 10 places built into the sky.</p>\r\n<p>10 unrestricted views of the city.&lt;br</p>',5,'Exterior-04_1745576784.jpg','thumb_Exterior-04_1745576784.jpg','Evening Rendering',487,273,0,NULL,NULL,0),(26,5,'Interior','',0,'Interiors-01_1982506120.jpg','thumb_Interiors-01_1982506120.jpg','Interior',616,346,0,NULL,NULL,0),(27,5,'Interior','',0,'Interiors-02_337952475.jpg','thumb_Interiors-02_337952475.jpg','Interior',487,273,0,NULL,NULL,0),(28,5,'Interior','',0,'Interiors-04_232984866.jpg','thumb_Interiors-04_232984866.jpg','Interior',358,201,0,NULL,NULL,0),(29,5,'Interior','',0,'Interiors-03_109582764.jpg','thumb_Interiors-03_109582764.jpg','Interior',358,201,0,NULL,NULL,0),(30,5,'Interior','',0,'Interiors-05_1940432826.jpg','thumb_Interiors-05_1940432826.jpg','Interior',358,201,0,NULL,NULL,0),(31,5,'Interior','',0,'Interiors-06_1965268317.jpg','thumb_Interiors-06_1965268317.jpg','Interior',487,273,0,NULL,NULL,0),(32,5,'Interior','',0,'Interiors-08_564431703.jpg','thumb_Interiors-08_564431703.jpg','Interior',228,128,0,NULL,NULL,0),(33,5,'Interior','',0,'Interiors-10_2006802937.jpg','thumb_Interiors-10_2006802937.jpg','Interior',487,273,0,NULL,NULL,0),(34,5,'Interior','',0,'Interiors-11_735496553.jpg','thumb_Interiors-11_735496553.jpg','Interior',616,346,0,NULL,NULL,0),(35,5,'Interior','',0,'Interiors-07_1877495853.jpg','thumb_Interiors-07_1877495853.jpg','Interior',616,346,0,NULL,NULL,0),(36,5,'Interior','',0,'Interiors-09_1352157902.jpg','thumb_Interiors-09_1352157902.jpg','Interior',228,128,0,NULL,NULL,0),(37,6,'Star Light Ceiling: Space at your Doorstep','<p>Lorem ipsum dolor sit amet, consectetur adipisicing elit, sed do eiusmod tempor incididunt ut labore et dolore magna aliqua. Ut enim ad minim veniam, quis nostrud exercitation ullamco laboris nisi ut aliquip ex ea commodo consequat. Duis aute irure dolor in reprehenderit in voluptate velit esse c',4,'09a_1400705687.jpg','thumb_09a_1400705687.jpg','Star Light Ceiling: Space at your Doorstep',358,201,0,NULL,NULL,0),(38,6,'Interactive Wall','<p>Lorem ipsum dolor sit amet, consectetur adipisicing elit, sed do eiusmod tempor incididunt ut labore et dolore magna aliqua. Ut enim ad minim veniam, quis nostrud exercitation ullamco laboris nisi ut aliquip ex ea commodo consequat. Duis aute irure dolor in reprehenderit in voluptate velit esse c',0,'02_1387241813.jpg','thumb_02_1387241813.jpg','Interactive Wall',616,346,0,NULL,NULL,1),(40,6,'Interactive Wall','<p>Lorem ipsum dolor sit amet, consectetur adipisicing elit, sed do eiusmod tempor incididunt ut labore et dolore magna aliqua. Ut enim ad minim veniam, quis nostrud exercitation ullamco laboris nisi ut aliquip ex ea commodo consequat. Duis aute irure dolor in reprehenderit in voluptate velit esse c',1,'03_205233255.jpg','thumb_03_205233255.jpg','Interactive Wall',358,201,0,NULL,NULL,1),(41,6,'Stars Come Out at Night: Sky Ceiling Concept','<p>Lorem ipsum dolor sit amet, consectetur adipisicing elit, sed do eiusmod tempor incididunt ut labore et dolore magna aliqua. Ut enim ad minim veniam, quis nostrud exercitation ullamco laboris nisi ut aliquip ex ea commodo consequat. Duis aute irure dolor in reprehenderit in voluptate velit esse c',3,'06a_1453351470.jpg','thumb_06a_1453351470.jpg','Stars Come Out at Night: Sky Ceiling Concept',616,346,0,NULL,NULL,2),(42,6,'Interactive Wall','<p>Lorem ipsum dolor sit amet, consectetur adipisicing elit, sed do eiusmod tempor incididunt ut labore et dolore magna aliqua. Ut enim ad minim veniam, quis nostrud exercitation ullamco laboris nisi ut aliquip ex ea commodo consequat. Duis aute irure dolor in reprehenderit in voluptate velit esse c',2,'01_515630574.jpg','thumb_01_515630574.jpg','Interactive Wall',616,346,0,NULL,NULL,1),(43,6,'Sky Ceiling Concept: Light Density','<p>Lorem ipsum dolor sit amet, consectetur adipisicing elit, sed do eiusmod tempor incididunt ut labore et dolore magna aliqua. Ut enim ad minim veniam, quis nostrud exercitation ullamco laboris nisi ut aliquip ex ea commodo consequat. Duis aute irure dolor in reprehenderit in voluptate velit esse c',5,'12a_692164671.jpg','thumb_12a_692164671.jpg','Sky Ceiling Concept: Light Density',228,128,0,NULL,NULL,0),(47,9,'Jerrys Deli - Detail','',8,'IMG_9365_deli_detail-copy-web_252110639.jpg','thumb_IMG_9365_deli_detail-copy-web_252110639.jpg','Jerrys Deli - Detail',228,128,0,NULL,NULL,0),(48,9,'Three Eleven','',6,'IMG_9325_three_eleven-copy-web_1106513914.jpg','thumb_IMG_9325_three_eleven-copy-web_1106513914.jpg','Three Eleven',487,273,0,NULL,NULL,0),(49,9,'SoFi Watchtower','',0,'STG_8255_watchtower_jacht-copy-web_1559650452.jpg','thumb_STG_8255_watchtower_jacht-copy-web_1559650452.jpg','SoFi Watchtower',487,273,0,NULL,NULL,0),(50,9,'South Pointe Park at Dusk','',2,'STG_8292_sofi_jogger_early_morning-copy-web_1518396048.jpg','thumb_STG_8292_sofi_jogger_early_morning-copy-web_1518396048.jpg','South Pointe Park at Dusk',358,201,0,NULL,NULL,0),(51,9,'New World Symphony Detail','',9,'STG_8501_new_world_inside-copy-web_667299681.jpg','thumb_STG_8501_new_world_inside-copy-web_667299681.jpg','New World Symphony Detail',487,273,0,NULL,NULL,0),(52,9,'New World Symphony','',10,'STG_8429_new_world_total-copy-web_1606279014.jpg','thumb_STG_8429_new_world_total-copy-web_1606279014.jpg','New World Symphony',487,273,0,NULL,NULL,0),(53,9,'Port of Miami','',5,'STG_8979_port-copy-web.jpg _1821311626.jpg','thumb_STG_8979_port-copy-web.jpg _1821311626.jpg','Port of Miami',228,128,0,NULL,NULL,0),(54,9,'Pool detail','',7,'IMG_9489_pool-copy-web_763815412.jpg','thumb_IMG_9489_pool-copy-web_763815412.jpg','Pool detail',487,273,0,NULL,NULL,0),(55,9,'Sofi Marina','',3,'STG_8920_marina_closeup-copy-web_590937976.jpg','thumb_STG_8920_marina_closeup-copy-web_590937976.jpg','SOFI Marina',487,273,0,NULL,NULL,0),(56,9,'1111 Lincoln','',12,'STG_9027_1111_closeup-copy-web_1754061751.jpg','thumb_STG_9027_1111_closeup-copy-web_1754061751.jpg','1111 Lincoln',487,273,0,NULL,NULL,0),(57,9,'Lincoln Road - Dan Graham Sculpture','',11,'STG_9033_dan_graham-copy-web_1050188959.jpg','thumb_STG_9033_dan_graham-copy-web_1050188959.jpg','Lincoln Road - Dan Graham Sculpture',228,128,0,NULL,NULL,0),(58,9,'Wolfsonian FIU','',13,'STG_9004_nightshot_Wolfsonian-copy-web_519166555.jpg','thumb_STG_9004_nightshot_Wolfsonian-copy-web_519166555.jpg','Wolfsonian FIU',487,273,0,NULL,NULL,0),(59,10,'Pool Flats - 2 Bedroom','<p>Floors 6-7</p>\r\n<p>&nbsp;&nbsp; &nbsp;2 bedroom<br /> &nbsp;&nbsp; &nbsp;3 bedroom</p>\r\n<p>Floors 8-15<br /> &nbsp;&nbsp; &nbsp;3 bedroom<br /> &nbsp;&nbsp; &nbsp;4 bedroom</p>\r\n<p>Penthouse</p>\r\n<p><a href=\"/test/uploads/images/10/Pool-Flats-2BR_1368834926.jpg\" target=\"_blank\">Download All</a>&a',1,'Pool-Flats-2BR_1368834926.jpg','thumb_Pool-Flats-2BR_1368834926.jpg','Pool Flats - 2 Bedroom',616,346,0,NULL,NULL,0),(60,10,'Pool Flats - 3 Bedroom','<p>FLOOR PLANS</p>\r\n<p>Floors 6-7<br /> &nbsp;&nbsp; &nbsp;2 bedroom<br /> &nbsp;&nbsp; &nbsp;3 bedroom</p>\r\n<p>Floors 8-15<br /> &nbsp;&nbsp; &nbsp;3 bedroom<br /> &nbsp;&nbsp; &nbsp;4 bedroom</p>\r\n<p>Penthouse</p>\r\n<p>Download All (link)</p>',2,'Pool-Flats-3BR_761813168.jpg','thumb_Pool-Flats-3BR_761813168.jpg','Pool Flats - 3 Bedroom',616,346,0,NULL,NULL,0),(61,10,'3 Bedroom','<p>FLOOR PLANS</p>\r\n<p>Floors 6-7<br /> &nbsp;&nbsp; &nbsp;2 bedroom<br /> &nbsp;&nbsp; &nbsp;3 bedroom</p>\r\n<p>Floors 8-15<br /> &nbsp;&nbsp; &nbsp;3 bedroom<br /> &nbsp;&nbsp; &nbsp;4 bedroom</p>\r\n<p>Penthouse</p>\r\n<p>Download All (link)</p>',3,'Typical-3BR_343506592.jpg','thumb_Typical-3BR_343506592.jpg','3 Bedroom',487,273,0,NULL,NULL,0),(62,10,'4 Bedroom','<p>FLOOR PLANS</p>\r\n<p>Floors 6-7<br /> &nbsp;&nbsp; &nbsp;2 bedroom<br /> &nbsp;&nbsp; &nbsp;3 bedroom</p>\r\n<p>Floors 8-15<br /> &nbsp;&nbsp; &nbsp;3 bedroom<br /> &nbsp;&nbsp; &nbsp;4 bedroom</p>\r\n<p>Penthouse</p>\r\n<p>Download All (link)</p>',4,'Typical-4BR_1272874630.jpg','thumb_Typical-4BR_1272874630.jpg','4 Bedroom',616,346,0,NULL,NULL,0),(63,10,'Penthouse - First Floor','<p>FLOOR PLANS</p>\r\n<p>Floors 6-7<br /> &nbsp;&nbsp; &nbsp;2 bedroom<br /> &nbsp;&nbsp; &nbsp;3 bedroom</p>\r\n<p>Floors 8-15<br /> &nbsp;&nbsp; &nbsp;3 bedroom<br /> &nbsp;&nbsp; &nbsp;4 bedroom</p>\r\n<p>Penthouse</p>\r\n<p>Download All (link)</p>',5,'PH1_291390771.jpg','thumb_PH1_291390771.jpg','Penthouse - First Floor',487,273,0,NULL,NULL,1),(64,10,'Penthouse - Second Floor','<p>FLOOR PLANS</p>\r\n<p>Floors 6-7<br /> &nbsp;&nbsp; &nbsp;2 bedroom<br /> &nbsp;&nbsp; &nbsp;3 bedroom</p>\r\n<p>Floors 8-15<br /> &nbsp;&nbsp; &nbsp;3 bedroom<br /> &nbsp;&nbsp; &nbsp;4 bedroom</p>\r\n<p>Penthouse</p>\r\n<p>Download All (link)</p>',6,'PH2_1207029240.jpg','thumb_PH2_1207029240.jpg','Penthouse - Second Floor',228,128,0,NULL,NULL,1),(65,10,'Penthouse - Third Floor','<p>FLOOR PLANS</p>\r\n<p>Floors 6-7<br /> &nbsp;&nbsp; &nbsp;2 bedroom<br /> &nbsp;&nbsp; &nbsp;3 bedroom</p>\r\n<p>Floors 8-15<br /> &nbsp;&nbsp; &nbsp;3 bedroom<br /> &nbsp;&nbsp; &nbsp;4 bedroom</p>\r\n<p>Penthouse</p>\r\n<p>Download All (link)</p>',7,'PH3_502697840.jpg','thumb_PH3_502697840.jpg','Penthouse - Third Floor',487,273,0,NULL,NULL,1),(66,4,'glass_map-v5-crop_755453334.jpg','<p>Lorem ipsum dolor sit amet, consectetur adipiscing elit. Morbi lobortis odio sapien. Sed fringilla tincidunt leo eget sagittis. Praesent dictum risus id velit faucibus eu sollicitudin eros vulputate. Nulla ultricies egestas bibendum. Duis vel mauris sit amet lacus laoreet lobortis sed sit amet ni',0,'glass_map-v5-crop_755453334.jpg','thumb_glass_map-v5-crop_755453334.jpg','glass_map-v5-crop_755453334.jpg',616,804,0,NULL,0,NULL),(69,11,'homeBG01_1906538391',NULL,2,'homeBG01_1906538391.jpg','thumb_homeBG01_1906538391.jpg','homeBG01_1906538391',487,259,0,NULL,0,NULL),(73,11,'bg4_1543107135','',1,'bg4_1543107135.jpg','thumb_bg4_1543107135.jpg','bg4_1543107135',616,346,0,NULL,0,NULL),(74,7,'Reimagining 120 Ocean','<p>Imagine living in a cube of water. Seriously... Imagine the calming sunlight dappling though the waves. Imagine the peace and tranquility of floating...</p>\r\n<p>Now imagine, living in the sky.<br /> Within Glass, these two things become indistinguishable.<br /> Now imagine living in a building th',8,'01_903570714.jpg','thumb_01_903570714.jpg','Reimagining 120 Ocean',358,201,0,NULL,NULL,0),(75,7,'Into the Atmosphere','<p>Imagine living in a cube of water. Seriously... Imagine the calming sunlight dappling though the waves. Imagine the peace and tranquility of floating...</p>\r\n<p>Now imagine, living in the sky.<br /> Within Glass, these two things become indistinguishable.<br /> Now imagine living in a building th',10,'02_26341981.jpg','thumb_02_26341981.jpg','Into the Atmosphere',616,346,0,NULL,NULL,0),(76,7,'Reimagining 120 Ocean','<p>Imagine living in a cube of water. Seriously... Imagine the calming sunlight dappling though the waves. Imagine the peace and tranquility of floating...</p>\r\n<p>Now imagine, living in the sky.<br /> Within Glass, these two things become indistinguishable.<br /> Now imagine living in a building th',9,'06_463668084.jpg','thumb_06_463668084.jpg','Reimagining 120 Ocean',358,201,0,NULL,NULL,0),(77,3,'Glass at Dusk','<p>10 places to reflect&hellip;</p>\r\n<p>10 places to connect&hellip;<br /> 10 places to see, hear, and feel.</p>\r\n<p>10 places to live&hellip;<br /> 10 places to love&hellip;<br /> 10 places built into the sky.</p>\r\n<p>10 unrestricted views of the city.<br /> 10 unrivalled examples of beauty. &nbsp;',0,'Dusk_option_05MAR_143020831.jpg','thumb_Dusk_option_05MAR_143020831.jpg','Glass at Dusk',228,128,0,NULL,NULL,0),(79,7,'Sky Ceiling Study','<p>Imagine living in a cube of water. Seriously... Imagine the calming sunlight dappling though the waves. Imagine the peace and tranquility of floating...</p>\r\n<p>Now imagine, living in the sky.<br /> Within Glass, these two things become indistinguishable.<br /> Now imagine living in a building th',13,'05a_1571098319.jpg','thumb_05a_1571098319.jpg','Sky Ceiling Study',358,201,0,NULL,NULL,0),(80,7,'Water Cube Study','<p>Imagine living in a cube of water. Seriously... Imagine the calming sunlight dappling though the waves. Imagine the peace and tranquility of floating...</p>\r\n<p>Now imagine, living in the sky.<br /> Within Glass, these two things become indistinguishable.<br /> Now imagine living in a building th',11,'15a_1330325680.jpg','thumb_15a_1330325680.jpg','Water Cube Study',228,128,0,NULL,NULL,0),(81,7,'Moving From Shore to Sky','<p>Imagine living in a cube of water. Seriously... Imagine the calming sunlight dappling though the waves. Imagine the peace and tranquility of floating...</p>\r\n<p>Now imagine, living in the sky.<br /> Within Glass, these two things become indistinguishable.<br /> Now imagine living in a building th',14,'03a_1376216308.jpg','thumb_03a_1376216308.jpg','Moving From Shore to Sky',358,201,0,NULL,NULL,0),(83,7,'A Sky Becomes a Building','<p>Imagine living in a cube of water. Seriously... Imagine the calming sunlight dappling though the waves. Imagine the peace and tranquility of floating...</p>\r\n<p>Now imagine, living in the sky.<br /> Within Glass, these two things become indistinguishable.<br /> Now imagine living in a building th',12,'14a_569074603.jpg','thumb_14a_569074603.jpg','A Sky Becomes a Building',487,273,0,NULL,NULL,0),(85,12,'bg4_1977737108',NULL,0,'bg4_1977737108.jpg','thumb_bg4_1977737108.jpg','bg4_1977737108',358,201,0,NULL,0,NULL),(87,3,'Full-Building-Exterior_25APR_2054067173','<p>An 18-story residential tower, GLASS is situated on the southern tip of Miami Beach, in the South of Fifth Street neighborhood. Light and ethereal, GLASS is a response to its site, context and environment. The building dematerializes as it rises, with its exterior almost disappearing into the atm',1,'Full-Building-Exterior_25APR_2054067173.jpg','thumb_Full-Building-Exterior_25APR_2054067173.jpg','Full-Building-Exterior_25APR_2054067173',228,128,0,NULL,NULL,0),(88,3,'PooldeckSouth_16APR-HI-RES_1258560183','<p>An 18-story residential tower, GLASS is situated on the southern tip of Miami Beach, in the South of Fifth Street neighborhood. Light and ethereal, GLASS is a response to its site, context and environment. The building dematerializes as it rises, with its exterior almost disappearing into the atm',3,'PooldeckSouth_16APR-HI-RES_1258560183.jpg','thumb_PooldeckSouth_16APR-HI-RES_1258560183.jpg','PooldeckSouth_16APR-HI-RES_1258560183',228,128,0,NULL,0,NULL),(89,3,'120Ocean_Lobby_16APR_553794229','<p>An 18-story residential tower, GLASS is situated on the southern tip of Miami Beach, in the South of Fifth Street neighborhood. Light and ethereal, GLASS is a response to its site, context and environment. The building dematerializes as it rises, with its exterior almost disappearing into the atm',2,'120Ocean_Lobby_16APR_553794229.jpg','thumb_120Ocean_Lobby_16APR_553794229.jpg','120Ocean_Lobby_16APR_553794229',228,128,0,NULL,0,NULL),(90,10,'LivingRoom_pview_24APR_1038227874','<p>Floors 6-7</p>\r\n<p>&nbsp;&nbsp; &nbsp;<a class=\"mapLinks\" rel=\"#59\">&gt; 2 bedroom</a><br /> &nbsp;&nbsp; &nbsp;<a class=\"mapLinks\" rel=\"#60\">&gt; 3 bedroom</a></p>\r\n<p>Floors 8-15</p>\r\n<p>&nbsp;&nbsp; &nbsp;<a class=\"mapLinks\" rel=\"#61\">&gt; 3 bedroom</a><br /> &nbsp;&nbsp; &nbsp;<a class=\"mapLi',0,'LivingRoom_pview_24APR_1038227874.jpg','thumb_LivingRoom_pview_24APR_1038227874.jpg','LivingRoom_pview_24APR_1038227874',228,128,0,NULL,0,NULL),(91,11,'Dusk_option_05MAR_1972290321','<div class=\"frameContent\">\r\n<p class=\"bold\" style=\"color: #000;\">GLASS</p>\r\n<p class=\"bold\">120 Ocean Drive<br />Miami Beach</p>\r\n<p class=\"bold\">18 floors<br />10 residences<br />360 views</p>\r\n<p class=\"bold\">Starting at just over 7 million</p>\r\n<p class=\"bold\">2,000 sq ft on floors 6 - 7<br />3,4',0,'Dusk_option_05MAR_1972290321.jpg','thumb_Dusk_option_05MAR_1972290321.jpg','Dusk_option_05MAR_1972290321',228,128,0,NULL,0,NULL),(92,9,'South Pointe Park','<p>Lorem ipsum dolor sit amet, consectetur adipisicing elit, sed do eiusmod tempor incididunt ut labore et dolore magna aliqua. Ut enim ad minim veniam, quis nostrud exercitation ullamco laboris nisi ut aliquip ex ea commodo consequat.</p>',1,'_STG_8311-copy-web_1510491576.jpg','thumb__STG_8311-copy-web_1510491576.jpg','South Pointe Park',228,128,0,NULL,NULL,0),(93,9,'The Standard','<p>Lorem ipsum dolor sit amet, consectetur adipisicing elit, sed do eiusmod tempor incididunt ut labore et dolore magna aliqua. Ut enim ad minim veniam, quis nostrud exercitation ullamco laboris nisi ut aliquip ex ea commodo consequat.</p>',4,'IMG_9584_2007898846.jpg','thumb_IMG_9584_2007898846.jpg','The Standard',616,346,0,NULL,NULL,0);
/*!40000 ALTER TABLE `images` ENABLE KEYS */;
UNLOCK TABLES;

--
-- Table structure for table `intra_users`
--

DROP TABLE IF EXISTS `intra_users`;
/*!40101 SET @saved_cs_client     = @@character_set_client */;
/*!40101 SET character_set_client = utf8 */;
CREATE TABLE `intra_users` (
  `userID` int(11) NOT NULL,
  `username` varchar(45) collate utf8_spanish_ci default NULL,
  `password` varchar(45) collate utf8_spanish_ci default NULL,
  `email` varchar(45) collate utf8_spanish_ci default NULL,
  `active` varchar(45) collate utf8_spanish_ci default NULL,
  PRIMARY KEY  (`userID`)
) ENGINE=InnoDB DEFAULT CHARSET=utf8 COLLATE=utf8_spanish_ci;
/*!40101 SET character_set_client = @saved_cs_client */;

--
-- Dumping data for table `intra_users`
--

LOCK TABLES `intra_users` WRITE;
/*!40000 ALTER TABLE `intra_users` DISABLE KEYS */;
INSERT INTO `intra_users` VALUES (1,'admin','948662c7529a4c8ad2712ff8710e935b85a79a44','info@imagenation.es','1');
/*!40000 ALTER TABLE `intra_users` ENABLE KEYS */;
UNLOCK TABLES;

--
-- Table structure for table `menu`
--

DROP TABLE IF EXISTS `menu`;
/*!40101 SET @saved_cs_client     = @@character_set_client */;
/*!40101 SET character_set_client = utf8 */;
CREATE TABLE `menu` (
  `id` int(11) NOT NULL auto_increment,
  `name` varchar(45) collate utf8_spanish_ci default NULL,
  `orden` int(11) default NULL,
  `parent` int(11) default '0',
  `url` varchar(45) collate utf8_spanish_ci default NULL,
  `page` int(11) default NULL,
  PRIMARY KEY  (`id`)
) ENGINE=InnoDB AUTO_INCREMENT=17 DEFAULT CHARSET=utf8 COLLATE=utf8_spanish_ci;
/*!40101 SET character_set_client = @saved_cs_client */;

--
-- Dumping data for table `menu`
--

LOCK TABLES `menu` WRITE;
/*!40000 ALTER TABLE `menu` DISABLE KEYS */;
INSERT INTO `menu` VALUES (1,'inspiration',0,0,NULL,NULL),(2,'building',1,0,NULL,NULL),(3,'environment',2,0,NULL,NULL),(4,'The Team',4,1,'the+team',1),(6,'Exterior',0,2,'exterior',3),(7,'Area',1,3,'area',4),(8,'Residences',2,2,'residences',5),(9,'Experience',3,2,'experience',6),(10,'Inspiration',NULL,1,'inspiration',7),(11,'Videos',NULL,1,'videos',8),(12,'Culture',NULL,3,'culture',9),(13,'Residences',NULL,2,'residences',10),(15,'Home',NULL,5,'',0),(16,'Splash',NULL,5,NULL,NULL);
/*!40000 ALTER TABLE `menu` ENABLE KEYS */;
UNLOCK TABLES;

--
-- Table structure for table `page`
--

DROP TABLE IF EXISTS `page`;
/*!40101 SET @saved_cs_client     = @@character_set_client */;
/*!40101 SET character_set_client = utf8 */;
CREATE TABLE `page` (
  `id` int(11) NOT NULL auto_increment,
  `name` varchar(45) collate utf8_spanish_ci NOT NULL,
  `menu` int(11) NOT NULL default '0',
  `orden` int(11) NOT NULL default '0',
  `content` longtext collate utf8_spanish_ci,
  `template` int(11) default '0',
  `description` varchar(300) collate utf8_spanish_ci default NULL,
  `url` varchar(45) collate utf8_spanish_ci default NULL,
  PRIMARY KEY  (`id`)
) ENGINE=InnoDB AUTO_INCREMENT=13 DEFAULT CHARSET=utf8 COLLATE=utf8_spanish_ci;
/*!40101 SET character_set_client = @saved_cs_client */;

--
-- Dumping data for table `page`
--

LOCK TABLES `page` WRITE;
/*!40000 ALTER TABLE `page` DISABLE KEYS */;
INSERT INTO `page` VALUES (1,'The Team',1,0,'<div class=\"content teamContent\">\r\n<div class=\"teamCol both\">\r\n<div>\r\n<div class=\"teamPic\"><img src=\"/glass/uploads/team01.jpg\" alt=\"\" /></div>\r\n<div class=\"teamPic\"><img src=\"/glass/uploads/team02.jpg\" alt=\"\" /></div>\r\n</div>\r\n<div class=\"teamText\">\r\n<h3>TERRA GROUP</h3>\r\n<p>The Developer</p>\r\n<p>Terra Group formed in 2001, with the ambition to evolve the Miami landscape - and by extension, the lives of the people within it. Terra Group&rsquo;s founder, Pedro Martin, has spent his entire professional life in South Florida, subsequently recognizing the opportunity to enrich and invigorate Miami by creating truly original, exceptional spaces in unexpected places. Together with his son, David, Terra Group has made it their mission to refine (and redefine) the way people could and should live, beyond the norm.</p>\r\n<p>With an in-house team of the very best people in their field &ndash; architects, builders, lawyers, designers - David and Pedro have quickly gained a reputation for creating highly original, high-end residential, commercial and mixed-used projects. However, unlike other developers &ndash; and as Miami residents themselves &ndash; Pedro and David do not simply buy up unwanted pieces of real estate with the hope of giving them a facelift. (After all, that is not progress). Instead, they choose only to work on projects that speak to their imaginations, and to their vision of a new Miami: one which helps people, and places to unlock or realize their full potential. As each project is carefully selected with an individual plan in mind, Terra Group ensures that their work makes a lasting contribution, not just to the landscape, but to the culture of Miami as a whole.</p>\r\n<p>By following their evolutionary instinct to this day, Pedro and David continue to find new opportunities, creating enriching (not to mention award-winning) connections between people and places. With an active involvement in South Florida&rsquo;s charitable, civic, arts and cultural organizations, Terra Group remain acutely aware of how our environment defines us, as much as we define it.</p>\r\n<p>For Terra Group, evolution is not a theory. It is a practice.</p>\r\n</div>\r\n</div>\r\n<div class=\"teamCol single\">\r\n<div class=\"teamPic\"><img src=\"/glass/uploads/team03.jpg\" alt=\"\" /></div>\r\n<div class=\"teamText\">\r\n<h3>RENE GONZALEZ</h3>\r\n<p>The Architect</p>\r\n<p>There&rsquo;s a good chance you&rsquo;ve already heard of Rene Gonzalez and his firm, Rene Gonzalez Architect. If that&rsquo;s the case, then you may well share his taste for subtle contemporary details. Or the way he intentionally blurs the boundaries between the man-made and the natural landscape (what he describes as a &ldquo;design conversation&rdquo;). Or maybe you enjoy the tactility of his work &ndash; how his surprising choice of materials heightens your senses and makes you think about places in new and exciting ways. Perhaps you&rsquo;ve seen him mentioned in Wallpaper* magazine, The New York Times, The Wall Street Journal, Architectural Record, Architectural Digest... Or maybe you own a copy of the contemporary design book, Four Florida Moderns, and love the examples of the firm&rsquo;s work that you saw. What you may not realize is that Rene has been included in more than 150 national and international publications, receiving Metropolitan Home magazine&rsquo;s Home of the Year Award for design excellence in addition to being honored by Conde Nast&rsquo;s House &amp; Garden as one of 50 international designers that represent the future of design. His unique approach has certainly not gone unnoticed by his peers: Rene is the only Miami architect to receive a National American Institute of Architecture Design Award in the last 10 years for a project in South Florida. He is also the first architect in 50 years to be twice honored for Miami projects (in 2011 for Alchemist and in 2006 for Karla). Then there are his two National AIA Honor Awards, a Florida AIA Award, and a total of ten Miami AIA Awards, including the H. Samuel Kruse Silver Medal for Design in 2012 and the Firm of the Year award in 2011. If that wasn&rsquo;t praise enough, he was twice nominated for the Cooper-Hewitt Museum&rsquo;s National Design Award in Architecture.</p>\r\n<p>Then again, it is possible that you have never heard of Rene at all. You might not know that his team was responsible for the Cisneros Fontanals Art Foundation building (a jewel in the urban landscape, with lush vegetation depicted on its glistening glass tile fa&ccedil;ade), or the two Alchemist boutiques on Lincoln Road (one perched in the sky like a floating glass cloud, the other an insulated box nestled into the ground floor). You might not have seen the home on Indian Creek that captures, filters and reflects the water, radiant sun and meditative moon, but you may well have heard that it subsequently became Miami&rsquo;s most expensive residence.</p>\r\n<p>Whether you&rsquo;re aware of Rene&rsquo;s work or not, the whole of Miami has been consciously or unconsciously drawn into his &lsquo;design conversations&rsquo; - engaging our senses, and prompting us to think differently about our surroundings.</p>\r\n</div>\r\n</div>\r\n<div class=\"teamCol single\">\r\n<div class=\"teamPic\"><img src=\"/glass/uploads/team04.jpg\" alt=\"\" /></div>\r\n<div class=\"teamText\">\r\n<h3>RAYMOND JUNGLES</h3>\r\n<p>The Landscape Architect</p>\r\n<p>Words can&rsquo;t really do justice to Raymond&rsquo;s work. You have to see it for yourself. You have to feel it for yourself. After all, that is the plan. Or rather, the design.</p>\r\n<p>From their loft-style studio overlooking the Miami River, Raymond Jungles Inc. has been meticulously bringing their sensuous outdoor spaces to life since 1981. In that time, their work has earned them 35 different design awards, and taken them to eleven different countries - including Antigua, Anguilla, the Bahamas, British Virgin Islands, China, Costa Rica, Mexico, Panama, St. Kitts and Nevis. (Which is just as well, as it&rsquo;s Raymond&rsquo;s inherent passion for local ecologies that informs his work).</p>\r\n<p>During his time at the University of Florida, Raymond&rsquo;s vision was awakened by the work of Brazilian landscape architect, Roberto Burle Marx. And whilst Marx went on to become Raymond&rsquo;s friend and mentor, RJI have continued to push the boundaries of landscape design, creating timeless, inspirational places that bring us all closer to the natural world. By posing the question &ldquo;What should it be?&rdquo; rather than &ldquo;What could it be?&rdquo; Raymond exploits (and capitalizes on) the sculptural potential of nature, allowing his elements to define spaces through their innate shapes and forms. In other words, he gives nature a platform to surprise and inspire us.</p>\r\n<p>But you really do have to see it for yourself.</p>\r\n</div>\r\n</div>\r\n</div>\r\n<div class=\"clr\">&nbsp;</div>',3,'The Team','the+team'),(3,'Exterior',2,0,'<p>An 18-story residential tower, GLASS is situated on the southern tip of Miami Beach, in the South of Fifth Street neighborhood. Light and ethereal, GLASS is a response to its site, context and environment. The building dematerializes as it rises, with its exterior almost disappearing into the atmosphere and its compositional use of fritted, patterned glass.&nbsp;GLASS reflects, captures and abstracts the natural landscape of sand, sea and sky, while retaining the essence of place through its architectural design, its materials, surface textures and tonal color.</p>',1,'','exterior'),(4,'Area',3,0,'<p>MAP LEGEND</p>\r\n<p>&nbsp;</p>\r\n<p>&nbsp;</p>\r\n<div class=\"mapLeyend\">\r\n<ul>\r\n<li><img src=\"data:image/jpeg;base64,/9j/4QSaRXhpZgAASUkqAAgAAAAMAAABAwABAAAAFQAAAAEBAwABAAAAFAAAAAIBAwADAAAAngAAAAYBAwABAAAAAgAAABIBAwABAAAAAQAAABUBAwABAAAAAwAAABoBBQABAAAApAAAABsBBQABAAAArAAAACgBAwABAAAAAgAAADEBAgAeAAAAtAAAADIBAgAUAAAA0gAAAGmHBAABAAAA6AAAACABAAAIAAgACACA/AoAECcAAID8CgAQJwAAQWRvYmUgUGhvdG9zaG9wIENTNSBNYWNpbnRvc2gAMjAxMzowNDoyNCAxNTo0OTowNQAAAAQAAJAHAAQAAAAwMjIxAaADAAEAAAD//wAAAqAEAAEAAAAVAAAAA6AEAAEAAAAUAAAAAAAAAAAABgADAQMAAQAAAAYAAAAaAQUAAQAAAG4BAAAbAQUAAQAAAHYBAAAoAQMAAQAAAAIAAAABAgQAAQAAAH4BAAACAgQAAQAAABQDAAAAAAAASAAAAAEAAABIAAAAAQAAAP/Y/+0ADEFkb2JlX0NNAAL/7gAOQWRvYmUAZIAAAAAB/9sAhAAMCAgICQgMCQkMEQsKCxEVDwwMDxUYExMVExMYEQwMDAwMDBEMDAwMDAwMDAwMDAwMDAwMDAwMDAwMDAwMDAwMAQ0LCw0ODRAODhAUDg4OFBQODg4OFBEMDAwMDBERDAwMDAwMEQwMDAwMDAwMDAwMDAwMDAwMDAwMDAwMDAwMDAz/wAARCAAUABUDASIAAhEBAxEB/90ABAAC/8QBPwAAAQUBAQEBAQEAAAAAAAAAAwABAgQFBgcICQoLAQABBQEBAQEBAQAAAAAAAAABAAIDBAUGBwgJCgsQAAEEAQMCBAIFBwYIBQMMMwEAAhEDBCESMQVBUWETInGBMgYUkaGxQiMkFVLBYjM0coLRQwclklPw4fFjczUWorKDJkSTVGRFwqN0NhfSVeJl8rOEw9N14/NGJ5SkhbSVxNTk9KW1xdXl9VZmdoaWprbG1ub2N0dXZ3eHl6e3x9fn9xEAAgIBAgQEAwQFBgcHBgU1AQACEQMhMRIEQVFhcSITBTKBkRShsUIjwVLR8DMkYuFygpJDUxVjczTxJQYWorKDByY1wtJEk1SjF2RFVTZ0ZeLys4TD03Xj80aUpIW0lcTU5PSltcXV5fVWZnaGlqa2xtbm9ic3R1dnd4eXp7fH/9oADAMBAAIRAxEAPwDoqmZv11zMix+TbifV3FsdRVVQ4sflPZ/OW22D/tP/ACf+/q0//Fz9W2M3dObd07KaP0eVRdZvB8f0lj2qP+Lu9lPSLOh2wzO6TdbVkVcOIc99rLv+Lfv27v5C6tJTwres/Wo+p9Vd7B1tlzKh1GNDiPZbc7PDPo+tW2r0/wDjLf8ASpKTetYTvr/Zn7m/Yq6mdHOT+Yciw25jYf8A9Y+zJJKf/9Df+uf7L/alP7P+1f8AOfZ+i/Z0eps/N+3T7PQ/r/mf8EsS7/xyPSH/ADg+2/suP0/2D7N6+387+jfpdu36e9eTJJJffv8AsG/5l/4P9hx5+p6v/n37bu/19FJeApJIf//Z/+0LoFBob3Rvc2hvcCAzLjAAOEJJTQQEAAAAAAAPHAFaAAMbJUccAgAAAgAAADhCSU0EJQAAAAAAEM3P+n2ox74JBXB2rq8Fw044QklNBDoAAAAAAJMAAAAQAAAAAQAAAAAAC3ByaW50T3V0cHV0AAAABQAAAABDbHJTZW51bQAAAABDbHJTAAAAAFJHQkMAAAAASW50ZWVudW0AAAAASW50ZQAAAABDbHJtAAAAAE1wQmxib29sAQAAAA9wcmludFNpeHRlZW5CaXRib29sAAAAAAtwcmludGVyTmFtZVRFWFQAAAABAAAAOEJJTQQ7AAAAAAGyAAAAEAAAAAEAAAAAABJwcmludE91dHB1dE9wdGlvbnMAAAASAAAAAENwdG5ib29sAAAAAABDbGJyYm9vbAAAAAAAUmdzTWJvb2wAAAAAAENybkNib29sAAAAAABDbnRDYm9vbAAAAAAATGJsc2Jvb2wAAAAAAE5ndHZib29sAAAAAABFbWxEYm9vbAAAAAAASW50cmJvb2wAAAAAAEJja2dPYmpjAAAAAQAAAAAAAFJHQkMAAAADAAAAAFJkICBkb3ViQG/gAAAAAAAAAAAAR3JuIGRvdWJAb+AAAAAAAAAAAABCbCAgZG91YkBv4AAAAAAAAAAAAEJyZFRVbnRGI1JsdAAAAAAAAAAAAAAAAEJsZCBVbnRGI1JsdAAAAAAAAAAAAAAAAFJzbHRVbnRGI1B4bEBSAAAAAAAAAAAACnZlY3RvckRhdGFib29sAQAAAABQZ1BzZW51bQAAAABQZ1BzAAAAAFBnUEMAAAAATGVmdFVudEYjUmx0AAAAAAAAAAAAAAAAVG9wIFVudEYjUmx0AAAAAAAAAAAAAAAAU2NsIFVudEYjUHJjQFkAAAAAAAA4QklNA+0AAAAAABAASAAAAAEAAgBIAAAAAQACOEJJTQQmAAAAAAAOAAAAAAAAAAAAAD+AAAA4QklNBA0AAAAAAAQAAAAeOEJJTQQZAAAAAAAEAAAAHjhCSU0D8wAAAAAACQAAAAAAAAAAAQA4QklNJxAAAAAAAAoAAQAAAAAAAAACOEJJTQP1AAAAAABIAC9mZgABAGxmZgAGAAAAAAABAC9mZgABAKGZmgAGAAAAAAABADIAAAABAFoAAAAGAAAAAAABADUAAAABAC0AAAAGAAAAAAABOEJJTQP4AAAAAABwAAD/////////////////////////////A+gAAAAA/////////////////////////////wPoAAAAAP////////////////////////////8D6AAAAAD/////////////////////////////A+gAADhCSU0EAAAAAAAAAgACOEJJTQQCAAAAAAAGAAAAAAAAOEJJTQQwAAAAAAADAQEBADhCSU0ELQAAAAAAAgAAOEJJTQQIAAAAAAAQAAAAAQAAAkAAAAJAAAAAADhCSU0EHgAAAAAABAAAAAA4QklNBBoAAAAAA0kAAAAGAAAAAAAAAAAAAAAUAAAAFQAAAAoAbABlAHkAZQBuAGQAUABhAHIAawAAAAEAAAAAAAAAAAAAAAAAAAAAAAAAAQAAAAAAAAAAAAAAFQAAABQAAAAAAAAAAAAAAAAAAAAAAQAAAAAAAAAAAAAAAAAAAAAAAAAQAAAAAQAAAAAAAG51bGwAAAACAAAABmJvdW5kc09iamMAAAABAAAAAAAAUmN0MQAAAAQAAAAAVG9wIGxvbmcAAAAAAAAAAExlZnRsb25nAAAAAAAAAABCdG9tbG9uZwAAABQAAAAAUmdodGxvbmcAAAAVAAAABnNsaWNlc1ZsTHMAAAABT2JqYwAAAAEAAAAAAAVzbGljZQAAABIAAAAHc2xpY2VJRGxvbmcAAAAAAAAAB2dyb3VwSURsb25nAAAAAAAAAAZvcmlnaW5lbnVtAAAADEVTbGljZU9yaWdpbgAAAA1hdXRvR2VuZXJhdGVkAAAAAFR5cGVlbnVtAAAACkVTbGljZVR5cGUAAAAASW1nIAAAAAZib3VuZHNPYmpjAAAAAQAAAAAAAFJjdDEAAAAEAAAAAFRvcCBsb25nAAAAAAAAAABMZWZ0bG9uZwAAAAAAAAAAQnRvbWxvbmcAAAAUAAAAAFJnaHRsb25nAAAAFQAAAAN1cmxURVhUAAAAAQAAAAAAAG51bGxURVhUAAAAAQAAAAAAAE1zZ2VURVhUAAAAAQAAAAAABmFsdFRhZ1RFWFQAAAABAAAAAAAOY2VsbFRleHRJc0hUTUxib29sAQAAAAhjZWxsVGV4dFRFWFQAAAABAAAAAAAJaG9yekFsaWduZW51bQAAAA9FU2xpY2VIb3J6QWxpZ24AAAAHZGVmYXVsdAAAAAl2ZXJ0QWxpZ25lbnVtAAAAD0VTbGljZVZlcnRBbGlnbgAAAAdkZWZhdWx0AAAAC2JnQ29sb3JUeXBlZW51bQAAABFFU2xpY2VCR0NvbG9yVHlwZQAAAABOb25lAAAACXRvcE91dHNldGxvbmcAAAAAAAAACmxlZnRPdXRzZXRsb25nAAAAAAAAAAxib3R0b21PdXRzZXRsb25nAAAAAAAAAAtyaWdodE91dHNldGxvbmcAAAAAADhCSU0EKAAAAAAADAAAAAI/8AAAAAAAADhCSU0EEQAAAAAAAQEAOEJJTQQUAAAAAAAEAAAACThCSU0EDAAAAAADMAAAAAEAAAAVAAAAFAAAAEAAAAUAAAADFAAYAAH/2P/tAAxBZG9iZV9DTQAC/+4ADkFkb2JlAGSAAAAAAf/bAIQADAgICAkIDAkJDBELCgsRFQ8MDA8VGBMTFRMTGBEMDAwMDAwRDAwMDAwMDAwMDAwMDAwMDAwMDAwMDAwMDAwMDAENCwsNDg0QDg4QFA4ODhQUDg4ODhQRDAwMDAwREQwMDAwMDBEMDAwMDAwMDAwMDAwMDAwMDAwMDAwMDAwMDAwM/8AAEQgAFAAVAwEiAAIRAQMRAf/dAAQAAv/EAT8AAAEFAQEBAQEBAAAAAAAAAAMAAQIEBQYHCAkKCwEAAQUBAQEBAQEAAAAAAAAAAQACAwQFBgcICQoLEAABBAEDAgQCBQcGCAUDDDMBAAIRAwQhEjEFQVFhEyJxgTIGFJGhsUIjJBVSwWIzNHKC0UMHJZJT8OHxY3M1FqKygyZEk1RkRcKjdDYX0lXiZfKzhMPTdePzRieUpIW0lcTU5PSltcXV5fVWZnaGlqa2xtbm9jdHV2d3h5ent8fX5/cRAAICAQIEBAMEBQYHBwYFNQEAAhEDITESBEFRYXEiEwUygZEUobFCI8FS0fAzJGLhcoKSQ1MVY3M08SUGFqKygwcmNcLSRJNUoxdkRVU2dGXi8rOEw9N14/NGlKSFtJXE1OT0pbXF1eX1VmZ2hpamtsbW5vYnN0dXZ3eHl6e3x//aAAwDAQACEQMRAD8A6Kpmb9dczIsfk24n1dxbHUVVUOLH5T2fzlttg/7T/wAn/v6tP/xc/VtjN3Tm3dOymj9HlUXWbwfH9JY9qj/i7vZT0izodsMzuk3W1ZFXDiHPfay7/i379u7+QurSU8K3rP1qPqfVXewdbZcyodRjQ4j2W3Ozwz6PrVtq9P8A4y3/AEqSk3rWE76/2Z+5v2KupnRzk/mHIsNuY2H/APWPsySSn//Q3/rn+y/2pT+z/tX/ADn2fov2dHqbPzft0+z0P6/5n/BLEu/8cj0h/wA4Ptv7Lj9P9g+zevt/O/o36Xbt+nvXkySSX37/ALBv+Zf+D/Ycefqer/59+27v9fRSXgKSSH//2ThCSU0EIQAAAAAAVQAAAAEBAAAADwBBAGQAbwBiAGUAIABQAGgAbwB0AG8AcwBoAG8AcAAAABMAQQBkAG8AYgBlACAAUABoAG8AdABvAHMAaABvAHAAIABDAFMANQAAAAEAOEJJTQQGAAAAAAAHAAgAAQABAQD/4Q6HaHR0cDovL25zLmFkb2JlLmNvbS94YXAvMS4wLwA8P3hwYWNrZXQgYmVnaW49Iu+7vyIgaWQ9Ilc1TTBNcENlaGlIenJlU3pOVGN6a2M5ZCI/PiA8eDp4bXBtZXRhIHhtbG5zOng9ImFkb2JlOm5zOm1ldGEvIiB4OnhtcHRrPSJBZG9iZSBYTVAgQ29yZSA1LjAtYzA2MCA2MS4xMzQ3NzcsIDIwMTAvMDIvMTItMTc6MzI6MDAgICAgICAgICI+IDxyZGY6UkRGIHhtbG5zOnJkZj0iaHR0cDovL3d3dy53My5vcmcvMTk5OS8wMi8yMi1yZGYtc3ludGF4LW5zIyI+IDxyZGY6RGVzY3JpcHRpb24gcmRmOmFib3V0PSIiIHhtbG5zOnhtcD0iaHR0cDovL25zLmFkb2JlLmNvbS94YXAvMS4wLyIgeG1sbnM6eG1wTU09Imh0dHA6Ly9ucy5hZG9iZS5jb20veGFwLzEuMC9tbS8iIHhtbG5zOnN0UmVmPSJodHRwOi8vbnMuYWRvYmUuY29tL3hhcC8xLjAvc1R5cGUvUmVzb3VyY2VSZWYjIiB4bWxuczpzdEV2dD0iaHR0cDovL25zLmFkb2JlLmNvbS94YXAvMS4wL3NUeXBlL1Jlc291cmNlRXZlbnQjIiB4bWxuczpkYz0iaHR0cDovL3B1cmwub3JnL2RjL2VsZW1lbnRzLzEuMS8iIHhtbG5zOnBob3Rvc2hvcD0iaHR0cDovL25zLmFkb2JlLmNvbS9waG90b3Nob3AvMS4wLyIgeG1wOkNyZWF0b3JUb29sPSJBZG9iZSBQaG90b3Nob3AgQ1M1IE1hY2ludG9zaCIgeG1wOkNyZWF0ZURhdGU9IjIwMTMtMDQtMjRUMTU6NDY6NDYtMDQ6MDAiIHhtcDpNb2RpZnlEYXRlPSIyMDEzLTA0LTI0VDE1OjQ5OjA1LTA0OjAwIiB4bXA6TWV0YWRhdGFEYXRlPSIyMDEzLTA0LTI0VDE1OjQ5OjA1LTA0OjAwIiB4bXBNTTpJbnN0YW5jZUlEPSJ4bXAuaWlkOjAyODAxMTc0MDcyMDY4MTE5MkIwQTZGNzcxRjZDOTJFIiB4bXBNTTpEb2N1bWVudElEPSJ4bXAuZGlkOjlDNzZDMjBCQTExMzExRTI4QzRGOEE0MjI4NUM2Rjg1IiB4bXBNTTpPcmlnaW5hbERvY3VtZW50SUQ9InhtcC5kaWQ6OUM3NkMyMEJBMTEzMTFFMjhDNEY4QTQyMjg1QzZGODUiIGRjOmZvcm1hdD0iaW1hZ2UvanBlZyIgcGhvdG9zaG9wOkNvbG9yTW9kZT0iMyI+IDx4bXBNTTpEZXJpdmVkRnJvbSBzdFJlZjppbnN0YW5jZUlEPSJ4bXAuaWlkOkY2NjcxQkIxQTExMjExRTI4QzRGOEE0MjI4NUM2Rjg1IiBzdFJlZjpkb2N1bWVudElEPSJ4bXAuZGlkOkY2NjcxQkIyQTExMjExRTI4QzRGOEE0MjI4NUM2Rjg1Ii8+IDx4bXBNTTpIaXN0b3J5PiA8cmRmOlNlcT4gPHJkZjpsaSBzdEV2dDphY3Rpb249InNhdmVkIiBzdEV2dDppbnN0YW5jZUlEPSJ4bXAuaWlkOjAxODAxMTc0MDcyMDY4MTE5MkIwQTZGNzcxRjZDOTJFIiBzdEV2dDp3aGVuPSIyMDEzLTA0LTI0VDE1OjQ5OjA1LTA0OjAwIiBzdEV2dDpzb2Z0d2FyZUFnZW50PSJBZG9iZSBQaG90b3Nob3AgQ1M1IE1hY2ludG9zaCIgc3RFdnQ6Y2hhbmdlZD0iLyIvPiA8cmRmOmxpIHN0RXZ0OmFjdGlvbj0ic2F2ZWQiIHN0RXZ0Omluc3RhbmNlSUQ9InhtcC5paWQ6MDI4MDExNzQwNzIwNjgxMTkyQjBBNkY3NzFGNkM5MkUiIHN0RXZ0OndoZW49IjIwMTMtMDQtMjRUMTU6NDk6MDUtMDQ6MDAiIHN0RXZ0OnNvZnR3YXJlQWdlbnQ9IkFkb2JlIFBob3Rvc2hvcCBDUzUgTWFjaW50b3NoIiBzdEV2dDpjaGFuZ2VkPSIvIi8+IDwvcmRmOlNlcT4gPC94bXBNTTpIaXN0b3J5PiA8L3JkZjpEZXNjcmlwdGlvbj4gPC9yZGY6UkRGPiA8L3g6eG1wbWV0YT4gICAgICAgICAgICAgICAgICAgICAgICAgICAgICAgICAgICAgICAgICAgICAgICAgICAgICAgICAgICAgICAgICAgICAgICAgICAgICAgICAgICAgICAgICAgICAgICAgICAgICAgICAgICAgICAgICAgICAgICAgICAgICAgICAgICAgICAgICAgICAgICAgICAgICAgICAgICAgICAgICAgICAgICAgICAgICAgICAgICAgICAgICAgICAgICAgICAgICAgICAgICAgICAgICAgICAgICAgICAgICAgICAgICAgICAgICAgICAgICAgICAgICAgICAgICAgICAgICAgICAgICAgICAgICAgICAgICAgICAgICAgICAgICAgICAgICAgICAgICAgICAgICAgICAgICAgICAgICAgICAgICAgICAgICAgICAgICAgICAgICAgICAgICAgICAgICAgICAgICAgICAgICAgICAgICAgICAgICAgICAgICAgICAgICAgICAgICAgICAgICAgICAgICAgICAgICAgICAgICAgICAgICAgICAgICAgICAgICAgICAgICAgICAgICAgICAgICAgICAgICAgICAgICAgICAgICAgICAgICAgICAgICAgICAgICAgICAgICAgICAgICAgICAgICAgICAgICAgICAgICAgICAgICAgICAgICAgICAgICAgICAgICAgICAgICAgICAgICAgICAgICAgICAgICAgICAgICAgICAgICAgICAgICAgICAgICAgICAgICAgICAgICAgICAgICAgICAgICAgICAgICAgICAgICAgICAgICAgICAgICAgICAgICAgICAgICAgICAgICAgICAgICAgICAgICAgICAgICAgICAgICAgICAgICAgICAgICAgICAgICAgICAgICAgICAgICAgICAgICAgICAgICAgICAgICAgICAgICAgICAgICAgICAgICAgICAgICAgICAgICAgICAgICAgICAgICAgICAgICAgICAgICAgICAgICAgICAgICAgICAgICAgICAgICAgICAgICAgICAgICAgICAgICAgICAgICAgICAgICAgICAgICAgICAgICAgICAgICAgICAgICAgICAgICAgICAgICAgICAgICAgICAgICAgICAgICAgICAgICAgICAgICAgICAgICAgICAgICAgICAgICAgICAgICAgICAgICAgICAgICAgICAgICAgICAgICAgICAgICAgICAgICAgICAgICAgICAgICAgICAgICAgICAgICAgICAgICAgICAgICAgICAgICAgICAgICAgICAgICAgICAgICAgICAgICAgICAgICAgICAgICAgICAgICAgICAgICAgICAgICAgICAgICAgICAgICAgICAgICAgICAgICAgICAgICAgICAgICAgICAgICAgICAgICAgICAgICAgICAgICAgICAgICAgICAgICAgICAgICAgICAgICAgICAgICAgICAgICAgICAgICAgICAgICAgICAgICAgICAgICAgICAgICAgICAgICAgICAgICAgICAgICAgICAgICAgICAgICAgICAgICAgICAgICAgICAgICAgICAgICAgICAgICAgICAgICAgICAgICAgICAgICAgICAgICAgICAgICAgICAgICAgICAgICAgICAgICAgICAgICAgICAgICAgICAgICAgICAgICAgICAgICAgICAgICAgICAgICAgICAgICAgICAgICAgICAgICAgICAgICAgICAgICAgICAgICAgICAgICAgICAgICAgICAgICAgICAgICAgICAgICAgICAgICAgICAgICAgICAgICAgICAgICAgICAgICAgICAgICAgICAgICAgICAgICAgICAgICAgICAgICAgICAgICAgICAgICAgICAgICAgICAgICAgICAgICAgICAgICAgICAgICAgICAgICAgICAgICAgICAgICAgICAgICAgICAgICAgICAgICAgICAgICAgICAgICAgICAgICAgICAgICAgICAgICAgICAgICAgICAgICAgICAgICAgICAgICAgICAgICAgICAgICAgICAgICAgICAgICAgICAgICAgICAgICAgICAgICAgICAgICAgICAgICAgICAgICAgICAgICAgICAgICAgICAgICAgICAgICAgICAgICAgICAgICAgICAgICAgICAgICAgICAgICAgICAgICAgICAgICAgICAgICAgICAgICAgICAgICAgICAgICAgICAgICAgICAgICAgICAgICAgICAgICAgICAgICAgICAgICAgICAgICAgICAgICAgICAgICAgICAgICAgICAgICAgICAgICAgICAgICAgICAgICAgICAgICAgICAgICAgICAgICAgICAgICAgICAgICAgICAgICAgICAgICAgICAgICAgICAgICAgICAgICAgICAgICAgICAgICAgICAgICAgICAgICAgICAgICAgICAgICAgICAgICAgICAgICAgICAgICAgICAgICAgICAgICAgICAgICAgICAgICAgICAgICAgICAgICAgICAgICAgICAgICAgICAgICAgICAgICAgICAgICAgICAgICAgICAgICAgICAgICAgICAgICAgICAgICAgICAgICAgICA8P3hwYWNrZXQgZW5kPSJ3Ij8+/+4ADkFkb2JlAGRAAAAAAf/bAIQAAQEBAQEBAQEBAQEBAQEBAQEBAQEBAQEBAQEBAQEBAQEBAQEBAQEBAQEBAQICAgICAgICAgICAwMDAwMDAwMDAwEBAQEBAQEBAQEBAgIBAgIDAwMDAwMDAwMDAwMDAwMDAwMDAwMDAwMDAwMDAwMDAwMDAwMDAwMDAwMDAwMDAwMD/8AAEQgAFAAVAwERAAIRAQMRAf/dAAQAA//EAIEAAQADAAAAAAAAAAAAAAAAAAkHCAoBAQEBAQAAAAAAAAAAAAAAAAEDAgAQAAAFAgQEAwUJAAAAAAAAAAIDBAYHBQgBExUYEhYXCQAUGREiJSYKI0NkhGVGlykaEQABAgMGBwAAAAAAAAAAAAAAAREhAhIxQWFCAxNRgbHBMmIj/9oADAMBAAIRAxEAPwBmmrR5r77EvS+56zM0mQF2roQklzwswmJCbpWMp9XnPBnKikr1ez8eiIAF5MQ4mmAIRoSQjJPAPLBlLk6lTgFYaaJB5+hPVc+nN7cdEpZdTtqos2WhzLSkouVZ5hK4SasH7QqoEBOJK4ZLzfjnoihKaoIwEpTpyEQjgCEEBpOPAMCG7NeyoU1QXj90xYB2doYxzM5J3EG5MsfRwivGNoohUav2YPWOZNkOp3YIW6ErClkyM0KOwElFVAH7SzKxXE6cGOFWAM/ENUyeeVrMeB//0H3+nge1FY1orusDdoqe3bkLEZqmeNZbZB4QIa/UKY5pTdj6a0lpkRg8Tqi1HEW5zUCNcHiAMNNw+7GQM0QpqxmSa5UNAPhJmWNBehC1Q7/bsuJLq7ZLt9aMSR92n1s3GjTAZSq5+RKxJtytMSIXOI7BGoVU9ZFytlKlAOIBK1SnAMQUxoDxBaldtr7eR//RXHvN7Yd0cb7bt0/rDcnGci7BNN6icg5BWm7qNQ+VelmRwe3UPiGm5ef8Ky/AWkqpV228ewYT0/0ecsk+pJvb2b6Oq6rbINlvXzlLyifU8/ov876PpWZqmofZ+WzvMe5n+ONfLI1WLjdf0dejB+wfTj0r8d1P6v8AD/IO6DWPz2V+i+Ex9K/c/9k=\" alt=\"\" /></li>\r\n</ul>\r\n<ul>\r\n<li>\r\n<p>Glass</p>\r\n</li>\r\n<li><img src=\"data:image/jpeg;base64,/9j/4QRLRXhpZgAASUkqAAgAAAAMAAABAwABAAAAFQAAAAEBAwABAAAAFAAAAAIBAwADAAAAngAAAAYBAwABAAAAAgAAABIBAwABAAAAAQAAABUBAwABAAAAAwAAABoBBQABAAAApAAAABsBBQABAAAArAAAACgBAwABAAAAAgAAADEBAgAeAAAAtAAAADIBAgAUAAAA0gAAAGmHBAABAAAA6AAAACABAAAIAAgACACA/AoAECcAAID8CgAQJwAAQWRvYmUgUGhvdG9zaG9wIENTNSBNYWNpbnRvc2gAMjAxMzowNDoyNCAxNjowMDoyNgAAAAQAAJAHAAQAAAAwMjIxAaADAAEAAAD//wAAAqAEAAEAAAAVAAAAA6AEAAEAAAAUAAAAAAAAAAAABgADAQMAAQAAAAYAAAAaAQUAAQAAAG4BAAAbAQUAAQAAAHYBAAAoAQMAAQAAAAIAAAABAgQAAQAAAH4BAAACAgQAAQAAAMUCAAAAAAAASAAAAAEAAABIAAAAAQAAAP/Y/+0ADEFkb2JlX0NNAAL/7gAOQWRvYmUAZIAAAAAB/9sAhAAMCAgICQgMCQkMEQsKCxEVDwwMDxUYExMVExMYEQwMDAwMDBEMDAwMDAwMDAwMDAwMDAwMDAwMDAwMDAwMDAwMAQ0LCw0ODRAODhAUDg4OFBQODg4OFBEMDAwMDBERDAwMDAwMEQwMDAwMDAwMDAwMDAwMDAwMDAwMDAwMDAwMDAz/wAARCAAUABUDASIAAhEBAxEB/90ABAAC/8QBPwAAAQUBAQEBAQEAAAAAAAAAAwABAgQFBgcICQoLAQABBQEBAQEBAQAAAAAAAAABAAIDBAUGBwgJCgsQAAEEAQMCBAIFBwYIBQMMMwEAAhEDBCESMQVBUWETInGBMgYUkaGxQiMkFVLBYjM0coLRQwclklPw4fFjczUWorKDJkSTVGRFwqN0NhfSVeJl8rOEw9N14/NGJ5SkhbSVxNTk9KW1xdXl9VZmdoaWprbG1ub2N0dXZ3eHl6e3x9fn9xEAAgIBAgQEAwQFBgcHBgU1AQACEQMhMRIEQVFhcSITBTKBkRShsUIjwVLR8DMkYuFygpJDUxVjczTxJQYWorKDByY1wtJEk1SjF2RFVTZ0ZeLys4TD03Xj80aUpIW0lcTU5PSltcXV5fVWZnaGlqa2xtbm9ic3R1dnd4eXp7fH/9oADAMBAAIRAxEAPwDU+sX1kys7Jsx8ew1YlZLQGGN8ab3kfmu/cWJVdbS8WUvdW8cOYS0j5tUsnHsxcizHtEWVOLXDzCGkp6UfXDOPRnV7gM1r21i7uWODz6kf6VuzYkueGPYcZ2TH6Nj21k/ynB7/APqa0klP/9Dqfrl+w9w9fd+0NunoxMfm/aN3t/8ARi5LF+yeu37Z6nofnelG75b/AGry5JJT9Hf9jf8Aze/N/Zsf29//AFf2j/X+bSXzikkp/9n/7QtYUGhvdG9zaG9wIDMuMAA4QklNBAQAAAAAAA8cAVoAAxslRxwCAAACAAAAOEJJTQQlAAAAAAAQzc/6fajHvgkFcHaurwXDTjhCSU0EOgAAAAAAkwAAABAAAAABAAAAAAALcHJpbnRPdXRwdXQAAAAFAAAAAENsclNlbnVtAAAAAENsclMAAAAAUkdCQwAAAABJbnRlZW51bQAAAABJbnRlAAAAAENscm0AAAAATXBCbGJvb2wBAAAAD3ByaW50U2l4dGVlbkJpdGJvb2wAAAAAC3ByaW50ZXJOYW1lVEVYVAAAAAEAAAA4QklNBDsAAAAAAbIAAAAQAAAAAQAAAAAAEnByaW50T3V0cHV0T3B0aW9ucwAAABIAAAAAQ3B0bmJvb2wAAAAAAENsYnJib29sAAAAAABSZ3NNYm9vbAAAAAAAQ3JuQ2Jvb2wAAAAAAENudENib29sAAAAAABMYmxzYm9vbAAAAAAATmd0dmJvb2wAAAAAAEVtbERib29sAAAAAABJbnRyYm9vbAAAAAAAQmNrZ09iamMAAAABAAAAAAAAUkdCQwAAAAMAAAAAUmQgIGRvdWJAb+AAAAAAAAAAAABHcm4gZG91YkBv4AAAAAAAAAAAAEJsICBkb3ViQG/gAAAAAAAAAAAAQnJkVFVudEYjUmx0AAAAAAAAAAAAAAAAQmxkIFVudEYjUmx0AAAAAAAAAAAAAAAAUnNsdFVudEYjUHhsQFIAAAAAAAAAAAAKdmVjdG9yRGF0YWJvb2wBAAAAAFBnUHNlbnVtAAAAAFBnUHMAAAAAUGdQQwAAAABMZWZ0VW50RiNSbHQAAAAAAAAAAAAAAABUb3AgVW50RiNSbHQAAAAAAAAAAAAAAABTY2wgVW50RiNQcmNAWQAAAAAAADhCSU0D7QAAAAAAEABIAAAAAQACAEgAAAABAAI4QklNBCYAAAAAAA4AAAAAAAAAAAAAP4AAADhCSU0EDQAAAAAABAAAAB44QklNBBkAAAAAAAQAAAAeOEJJTQPzAAAAAAAJAAAAAAAAAAABADhCSU0nEAAAAAAACgABAAAAAAAAAAI4QklNA/UAAAAAAEgAL2ZmAAEAbGZmAAYAAAAAAAEAL2ZmAAEAoZmaAAYAAAAAAAEAMgAAAAEAWgAAAAYAAAAAAAEANQAAAAEALQAAAAYAAAAAAAE4QklNA/gAAAAAAHAAAP////////////////////////////8D6AAAAAD/////////////////////////////A+gAAAAA/////////////////////////////wPoAAAAAP////////////////////////////8D6AAAOEJJTQQAAAAAAAACAAM4QklNBAIAAAAAAAgAAAAAAAAAADhCSU0EMAAAAAAABAEBAQE4QklNBC0AAAAAAAYAAQAAAAo4QklNBAgAAAAAABAAAAABAAACQAAAAkAAAAAAOEJJTQQeAAAAAAAEAAAAADhCSU0EGgAAAAADSQAAAAYAAAAAAAAAAAAAABQAAAAVAAAACgBsAGUAeQBlAG4AZABQAGEAcgBrAAAAAQAAAAAAAAAAAAAAAAAAAAAAAAABAAAAAAAAAAAAAAAVAAAAFAAAAAAAAAAAAAAAAAAAAAABAAAAAAAAAAAAAAAAAAAAAAAAABAAAAABAAAAAAAAbnVsbAAAAAIAAAAGYm91bmRzT2JqYwAAAAEAAAAAAABSY3QxAAAABAAAAABUb3AgbG9uZwAAAAAAAAAATGVmdGxvbmcAAAAAAAAAAEJ0b21sb25nAAAAFAAAAABSZ2h0bG9uZwAAABUAAAAGc2xpY2VzVmxMcwAAAAFPYmpjAAAAAQAAAAAABXNsaWNlAAAAEgAAAAdzbGljZUlEbG9uZwAAAAAAAAAHZ3JvdXBJRGxvbmcAAAAAAAAABm9yaWdpbmVudW0AAAAMRVNsaWNlT3JpZ2luAAAADWF1dG9HZW5lcmF0ZWQAAAAAVHlwZWVudW0AAAAKRVNsaWNlVHlwZQAAAABJbWcgAAAABmJvdW5kc09iamMAAAABAAAAAAAAUmN0MQAAAAQAAAAAVG9wIGxvbmcAAAAAAAAAAExlZnRsb25nAAAAAAAAAABCdG9tbG9uZwAAABQAAAAAUmdodGxvbmcAAAAVAAAAA3VybFRFWFQAAAABAAAAAAAAbnVsbFRFWFQAAAABAAAAAAAATXNnZVRFWFQAAAABAAAAAAAGYWx0VGFnVEVYVAAAAAEAAAAAAA5jZWxsVGV4dElzSFRNTGJvb2wBAAAACGNlbGxUZXh0VEVYVAAAAAEAAAAAAAlob3J6QWxpZ25lbnVtAAAAD0VTbGljZUhvcnpBbGlnbgAAAAdkZWZhdWx0AAAACXZlcnRBbGlnbmVudW0AAAAPRVNsaWNlVmVydEFsaWduAAAAB2RlZmF1bHQAAAALYmdDb2xvclR5cGVlbnVtAAAAEUVTbGljZUJHQ29sb3JUeXBlAAAAAE5vbmUAAAAJdG9wT3V0c2V0bG9uZwAAAAAAAAAKbGVmdE91dHNldGxvbmcAAAAAAAAADGJvdHRvbU91dHNldGxvbmcAAAAAAAAAC3JpZ2h0T3V0c2V0bG9uZwAAAAAAOEJJTQQoAAAAAAAMAAAAAj/wAAAAAAAAOEJJTQQRAAAAAAABAQA4QklNBBQAAAAAAAQAAAALOEJJTQQMAAAAAALhAAAAAQAAABUAAAAUAAAAQAAABQAAAALFABgAAf/Y/+0ADEFkb2JlX0NNAAL/7gAOQWRvYmUAZIAAAAAB/9sAhAAMCAgICQgMCQkMEQsKCxEVDwwMDxUYExMVExMYEQwMDAwMDBEMDAwMDAwMDAwMDAwMDAwMDAwMDAwMDAwMDAwMAQ0LCw0ODRAODhAUDg4OFBQODg4OFBEMDAwMDBERDAwMDAwMEQwMDAwMDAwMDAwMDAwMDAwMDAwMDAwMDAwMDAz/wAARCAAUABUDASIAAhEBAxEB/90ABAAC/8QBPwAAAQUBAQEBAQEAAAAAAAAAAwABAgQFBgcICQoLAQABBQEBAQEBAQAAAAAAAAABAAIDBAUGBwgJCgsQAAEEAQMCBAIFBwYIBQMMMwEAAhEDBCESMQVBUWETInGBMgYUkaGxQiMkFVLBYjM0coLRQwclklPw4fFjczUWorKDJkSTVGRFwqN0NhfSVeJl8rOEw9N14/NGJ5SkhbSVxNTk9KW1xdXl9VZmdoaWprbG1ub2N0dXZ3eHl6e3x9fn9xEAAgIBAgQEAwQFBgcHBgU1AQACEQMhMRIEQVFhcSITBTKBkRShsUIjwVLR8DMkYuFygpJDUxVjczTxJQYWorKDByY1wtJEk1SjF2RFVTZ0ZeLys4TD03Xj80aUpIW0lcTU5PSltcXV5fVWZnaGlqa2xtbm9ic3R1dnd4eXp7fH/9oADAMBAAIRAxEAPwDU+sX1kys7Jsx8ew1YlZLQGGN8ab3kfmu/cWJVdbS8WUvdW8cOYS0j5tUsnHsxcizHtEWVOLXDzCGkp6UfXDOPRnV7gM1r21i7uWODz6kf6VuzYkueGPYcZ2TH6Nj21k/ynB7/APqa0klP/9Dqfrl+w9w9fd+0NunoxMfm/aN3t/8ARi5LF+yeu37Z6nofnelG75b/AGry5JJT9Hf9jf8Aze/N/Zsf29//AFf2j/X+bSXzikkp/9kAOEJJTQQhAAAAAABVAAAAAQEAAAAPAEEAZABvAGIAZQAgAFAAaABvAHQAbwBzAGgAbwBwAAAAEwBBAGQAbwBiAGUAIABQAGgAbwB0AG8AcwBoAG8AcAAgAEMAUwA1AAAAAQA4QklNBAYAAAAAAAcACAABAAEBAP/hDododHRwOi8vbnMuYWRvYmUuY29tL3hhcC8xLjAvADw/eHBhY2tldCBiZWdpbj0i77u/IiBpZD0iVzVNME1wQ2VoaUh6cmVTek5UY3prYzlkIj8+IDx4OnhtcG1ldGEgeG1sbnM6eD0iYWRvYmU6bnM6bWV0YS8iIHg6eG1wdGs9IkFkb2JlIFhNUCBDb3JlIDUuMC1jMDYwIDYxLjEzNDc3NywgMjAxMC8wMi8xMi0xNzozMjowMCAgICAgICAgIj4gPHJkZjpSREYgeG1sbnM6cmRmPSJodHRwOi8vd3d3LnczLm9yZy8xOTk5LzAyLzIyLXJkZi1zeW50YXgtbnMjIj4gPHJkZjpEZXNjcmlwdGlvbiByZGY6YWJvdXQ9IiIgeG1sbnM6eG1wPSJodHRwOi8vbnMuYWRvYmUuY29tL3hhcC8xLjAvIiB4bWxuczp4bXBNTT0iaHR0cDovL25zLmFkb2JlLmNvbS94YXAvMS4wL21tLyIgeG1sbnM6c3RSZWY9Imh0dHA6Ly9ucy5hZG9iZS5jb20veGFwLzEuMC9zVHlwZS9SZXNvdXJjZVJlZiMiIHhtbG5zOnN0RXZ0PSJodHRwOi8vbnMuYWRvYmUuY29tL3hhcC8xLjAvc1R5cGUvUmVzb3VyY2VFdmVudCMiIHhtbG5zOmRjPSJodHRwOi8vcHVybC5vcmcvZGMvZWxlbWVudHMvMS4xLyIgeG1sbnM6cGhvdG9zaG9wPSJodHRwOi8vbnMuYWRvYmUuY29tL3Bob3Rvc2hvcC8xLjAvIiB4bXA6Q3JlYXRvclRvb2w9IkFkb2JlIFBob3Rvc2hvcCBDUzUgTWFjaW50b3NoIiB4bXA6Q3JlYXRlRGF0ZT0iMjAxMy0wNC0yNFQxNTo0Njo0Ni0wNDowMCIgeG1wOk1vZGlmeURhdGU9IjIwMTMtMDQtMjRUMTY6MDA6MjYtMDQ6MDAiIHhtcDpNZXRhZGF0YURhdGU9IjIwMTMtMDQtMjRUMTY6MDA6MjYtMDQ6MDAiIHhtcE1NOkluc3RhbmNlSUQ9InhtcC5paWQ6MDU4MDExNzQwNzIwNjgxMTkyQjBBNkY3NzFGNkM5MkUiIHhtcE1NOkRvY3VtZW50SUQ9InhtcC5kaWQ6OUM3NkMyMEJBMTEzMTFFMjhDNEY4QTQyMjg1QzZGODUiIHhtcE1NOk9yaWdpbmFsRG9jdW1lbnRJRD0ieG1wLmRpZDo5Qzc2QzIwQkExMTMxMUUyOEM0RjhBNDIyODVDNkY4NSIgZGM6Zm9ybWF0PSJpbWFnZS9qcGVnIiBwaG90b3Nob3A6Q29sb3JNb2RlPSIzIj4gPHhtcE1NOkRlcml2ZWRGcm9tIHN0UmVmOmluc3RhbmNlSUQ9InhtcC5paWQ6RjY2NzFCQjFBMTEyMTFFMjhDNEY4QTQyMjg1QzZGODUiIHN0UmVmOmRvY3VtZW50SUQ9InhtcC5kaWQ6RjY2NzFCQjJBMTEyMTFFMjhDNEY4QTQyMjg1QzZGODUiLz4gPHhtcE1NOkhpc3Rvcnk+IDxyZGY6U2VxPiA8cmRmOmxpIHN0RXZ0OmFjdGlvbj0ic2F2ZWQiIHN0RXZ0Omluc3RhbmNlSUQ9InhtcC5paWQ6MDQ4MDExNzQwNzIwNjgxMTkyQjBBNkY3NzFGNkM5MkUiIHN0RXZ0OndoZW49IjIwMTMtMDQtMjRUMTY6MDA6MjYtMDQ6MDAiIHN0RXZ0OnNvZnR3YXJlQWdlbnQ9IkFkb2JlIFBob3Rvc2hvcCBDUzUgTWFjaW50b3NoIiBzdEV2dDpjaGFuZ2VkPSIvIi8+IDxyZGY6bGkgc3RFdnQ6YWN0aW9uPSJzYXZlZCIgc3RFdnQ6aW5zdGFuY2VJRD0ieG1wLmlpZDowNTgwMTE3NDA3MjA2ODExOTJCMEE2Rjc3MUY2QzkyRSIgc3RFdnQ6d2hlbj0iMjAxMy0wNC0yNFQxNjowMDoyNi0wNDowMCIgc3RFdnQ6c29mdHdhcmVBZ2VudD0iQWRvYmUgUGhvdG9zaG9wIENTNSBNYWNpbnRvc2giIHN0RXZ0OmNoYW5nZWQ9Ii8iLz4gPC9yZGY6U2VxPiA8L3htcE1NOkhpc3Rvcnk+IDwvcmRmOkRlc2NyaXB0aW9uPiA8L3JkZjpSREY+IDwveDp4bXBtZXRhPiAgICAgICAgICAgICAgICAgICAgICAgICAgICAgICAgICAgICAgICAgICAgICAgICAgICAgICAgICAgICAgICAgICAgICAgICAgICAgICAgICAgICAgICAgICAgICAgICAgICAgICAgICAgICAgICAgICAgICAgICAgICAgICAgICAgICAgICAgICAgICAgICAgICAgICAgICAgICAgICAgICAgICAgICAgICAgICAgICAgICAgICAgICAgICAgICAgICAgICAgICAgICAgICAgICAgICAgICAgICAgICAgICAgICAgICAgICAgICAgICAgICAgICAgICAgICAgICAgICAgICAgICAgICAgICAgICAgICAgICAgICAgICAgICAgICAgICAgICAgICAgICAgICAgICAgICAgICAgICAgICAgICAgICAgICAgICAgICAgICAgICAgICAgICAgICAgICAgICAgICAgICAgICAgICAgICAgICAgICAgICAgICAgICAgICAgICAgICAgICAgICAgICAgICAgICAgICAgICAgICAgICAgICAgICAgICAgICAgICAgICAgICAgICAgICAgICAgICAgICAgICAgICAgICAgICAgICAgICAgICAgICAgICAgICAgICAgICAgICAgICAgICAgICAgICAgICAgICAgICAgICAgICAgICAgICAgICAgICAgICAgICAgICAgICAgICAgICAgICAgICAgICAgICAgICAgICAgICAgICAgICAgICAgICAgICAgICAgICAgICAgICAgICAgICAgICAgICAgICAgICAgICAgICAgICAgICAgICAgICAgICAgICAgICAgICAgICAgICAgICAgICAgICAgICAgICAgICAgICAgICAgICAgICAgICAgICAgICAgICAgICAgICAgICAgICAgICAgICAgICAgICAgICAgICAgICAgICAgICAgICAgICAgICAgICAgICAgICAgICAgICAgICAgICAgICAgICAgICAgICAgICAgICAgICAgICAgICAgICAgICAgICAgICAgICAgICAgICAgICAgICAgICAgICAgICAgICAgICAgICAgICAgICAgICAgICAgICAgICAgICAgICAgICAgICAgICAgICAgICAgICAgICAgICAgICAgICAgICAgICAgICAgICAgICAgICAgICAgICAgICAgICAgICAgICAgICAgICAgICAgICAgICAgICAgICAgICAgICAgICAgICAgICAgICAgICAgICAgICAgICAgICAgICAgICAgICAgICAgICAgICAgICAgICAgICAgICAgICAgICAgICAgICAgICAgICAgICAgICAgICAgICAgICAgICAgICAgICAgICAgICAgICAgICAgICAgICAgICAgICAgICAgICAgICAgICAgICAgICAgICAgICAgICAgICAgICAgICAgICAgICAgICAgICAgICAgICAgICAgICAgICAgICAgICAgICAgICAgICAgICAgICAgICAgICAgICAgICAgICAgICAgICAgICAgICAgICAgICAgICAgICAgICAgICAgICAgICAgICAgICAgICAgICAgICAgICAgICAgICAgICAgICAgICAgICAgICAgICAgICAgICAgICAgICAgICAgICAgICAgICAgICAgICAgICAgICAgICAgICAgICAgICAgICAgICAgICAgICAgICAgICAgICAgICAgICAgICAgICAgICAgICAgICAgICAgICAgICAgICAgICAgICAgICAgICAgICAgICAgICAgICAgICAgICAgICAgICAgICAgICAgICAgICAgICAgICAgICAgICAgICAgICAgICAgICAgICAgICAgICAgICAgICAgICAgICAgICAgICAgICAgICAgICAgICAgICAgICAgICAgICAgICAgICAgICAgICAgICAgICAgICAgICAgICAgICAgICAgICAgICAgICAgICAgICAgICAgICAgICAgICAgICAgICAgICAgICAgICAgICAgICAgICAgICAgICAgICAgICAgICAgICAgICAgICAgICAgICAgICAgICAgICAgICAgICAgICAgICAgICAgICAgICAgICAgICAgICAgICAgICAgICAgICAgICAgICAgICAgICAgICAgICAgICAgICAgICAgICAgICAgICAgICAgICAgICAgICAgICAgICAgICAgICAgICAgICAgICAgICAgICAgICAgICAgICAgICAgICAgICAgICAgICAgICAgICAgICAgICAgICAgICAgICAgICAgICAgICAgICAgICAgICAgICAgICAgICAgICAgICAgICAgICAgICAgICAgICAgICAgICAgICAgICAgICAgICAgICAgICAgICAgICAgICAgICAgICAgICAgICAgICAgICAgICAgICAgICAgICAgICAgICAgICAgICAgICAgICAgICAgICAgICAgICAgICAgICAgICAgICAgICAgICAgICAgICAgICAgICAgICAgICAgICAgICAgICAgICAgICAgICAgICAgICAgICAgICAgICAgICAgICAgICAgICAgICAgICAgICAgICAgICAgICAgICAgICAgICAgICAgICAgICAgICAgICAgICAgICAgICAgICAgICAgIDw/eHBhY2tldCBlbmQ9InciPz7/7gAOQWRvYmUAZEAAAAAB/9sAhAABAQEBAQEBAQEBAQEBAQEBAQEBAQEBAQEBAQEBAQEBAQEBAQEBAQEBAQEBAgICAgICAgICAgIDAwMDAwMDAwMDAQEBAQEBAQEBAQECAgECAgMDAwMDAwMDAwMDAwMDAwMDAwMDAwMDAwMDAwMDAwMDAwMDAwMDAwMDAwMDAwMDAwP/wAARCAAUABUDAREAAhEBAxEB/90ABAAD/8QAawAAAwEAAAAAAAAAAAAAAAAABgkKCAEBAAAAAAAAAAAAAAAAAAAAABAAAAUCBAQEAwkAAAAAAAAAAgMEBQYBBxESFRYAExQXISUYCTFRCCQ0ZIRlRpYZKREBAAAAAAAAAAAAAAAAAAAAAP/aAAwDAQACEQMRAD8A3t7iPuO3Qv1cqVW7tnLXmF2Mibq6RtAhjDqra1FxRN6k1CtksoXoTE6lxanQ0oQkTeIXSlJsghliPqIfAK6i0ulUHe0clhclf4jIm8WdC+xl3cGJ4RixpWtUzk2KEqwnNUNMco6Y4ePAOlS+8He1R9Gj5GRuaAj6h2mYRaCp7kjTEVc3S38iYZi4LJenb6FacXN2FXFyG85SIupIwOJSkJdFIRDqH//QBrlW/kVqbgTK20tRmIZJCJG7Rp3TmliKxVNSw1LVQTQfiNItLAE4gdK1CYSYEYa1DWlagEcAbpbfyJVbd8umBGYGJMU3i1v1C8ZYgknyKVsMxkaNGnOrgA0xK2Qw8ZwQ41LocVUWGcOIf//Rfd7xvob1Nv39ur1P6EX0HajRNQ0flV0Pu5rHlel5fueXznkZcn2XJwE8dre1W9WjvRv3t5zfPO2m3938vMDLpu5vKPhmzczx+XAVuf5wf18ftf0l9D+J3lvzD+U95uv/ADOT9P4D/9k=\" alt=\"\" /></li>\r\n</ul>\r\n<ul>\r\n<li>\r\n<p>Parks</p>\r\n</li>\r\n</ul>\r\n</div>\r\n<p>&nbsp;</p>\r\n<p>&nbsp;</p>\r\n<p>A&nbsp; South Pointe Park<br /> B&nbsp; Pier Park<br /> C&nbsp; Prime 112<br /> D&nbsp; Joe&rsquo;s Stone Crab<br /> E&nbsp; Majory Stoneman Douglas &nbsp;<br />&nbsp;&nbsp;&nbsp; Ocean Beach Park<br /> F&nbsp; Smith &amp; Wollensky<br /> G&nbsp; Washington Park<br /> H&nbsp; The Room<br /> I&nbsp;&nbsp;&nbsp; Lummus Park<br /> J&nbsp;&nbsp; The Wolfsonian-FIU<br /> K&nbsp; Flamingo Park &amp; Pool<br /> L&nbsp;&nbsp; Maurice Gibb Memorial Park<br /> M Lincoln Road<br /> N&nbsp; 21st&nbsp; Street Recreation Center<br /> O&nbsp; Collins Park<br /> P&nbsp; Bass Museu<br /> Q&nbsp; Miami Beach Botanical Garden<br /> R&nbsp; New World Symphony<br /> S&nbsp;&nbsp; Aroma Espresso Bar<br /> T&nbsp;&nbsp; Estiatorio Milos<br /> U&nbsp;&nbsp; Jewish Museum of Florida <br /> V&nbsp;&nbsp; Miami City Ballet<br /> W&nbsp; Miami Beach Golf Course<br /> X &nbsp; Jackie Gleason Theater<br /> Y&nbsp;&nbsp; The Filmore Miami Beach<br />&nbsp;&nbsp;&nbsp;&nbsp; At The Jackie Gleason Theater</p>',2,'Map','area'),(6,'Experience',2,0,'<p>Just as the gradient of color shifts from deep to shallow water, or the color of the sky changes as the eye travels upward from the horizon line, the experience of ascent within the building communicates this idea of movement. Conceived as an experiential space, the elevator contains an interactive installation, programmed to express the transition from water to sky with luminous, enlarged pixels of light and color patterns at each level. Artist Ivan Toth Depe&ntilde;a has collaborated with Rene Gonzalez Architect on this interactive piece.</p>',1,'','experience'),(7,'Inspiration',1,0,'<p>Imagine living in a cube of water. Seriously... Imagine the calming sunlight dappling though the waves. Imagine the peace and tranquility of floating...</p>\r\n<p>Now imagine, living in the sky.&nbsp; Within Glass, these two things become indistinguishable.&nbsp; Now imagine living in a building that dematerializes as it rises up to the sky; think: light, ethereal; a building that responds to the elements that surround it; one that blends into and is one with the environment.</p>\r\n<p>That\'s the experience of living within Glass.</p>',1,'INSPIRATION GALLERY','inspiration'),(8,'Videos',1,0,'<p>Lorem ipsum dolor sit amet, consectetur adipisicing elit, sed do eiusmod tempor incididunt ut labore et dolore magna aliqua. Ut enim ad minim veniam, quis nostrud exercitation ullamco laboris nisi ut aliquip ex ea commodo consequat. Duis aute irure dolor in reprehenderit in voluptate velit esse cillum dolore eu fugiat nulla pariatur. Excepteur sint occaecat cupidatat non proident, sunt in culpa qui officia deserunt mollit anim id est laborum</p>\r\n',4,'','videos'),(9,'Culture',3,0,'<p>Lorem ipsum dolor sit amet, consectetur adipisicing elit, sed do eiusmod tempor incididunt ut labore et dolore magna aliqua. Ut enim ad minim veniam, quis nostrud exercitation ullamco laboris nisi ut aliquip ex ea commodo consequat.</p>',1,'','culture'),(10,'Residences',2,0,'<p>Floors 6-7</p>\r\n<p>&nbsp;&nbsp; &nbsp;<a class=\"mapLinks\" rel=\"#59\">&gt; 2 bedroom</a><br /> &nbsp;&nbsp; &nbsp;<a class=\"mapLinks\" rel=\"#60\">&gt; 3 bedroom</a></p>\r\n<p>Floors 8-15</p>\r\n<p>&nbsp;&nbsp; &nbsp;<a class=\"mapLinks\" rel=\"#61\">&gt; 3 bedroom</a><br /> &nbsp;&nbsp; &nbsp;<a class=\"mapLinks\" rel=\"#62\">&gt; 4 bedroom</a></p>\r\n<p><a class=\"mapLinks\" href=\"/uploads/Floorplans.pdf\" target=\"_blank\" type=\"application/octet-stream\">&gt; Download All</a></p>',2,'','residences'),(11,'Splash',0,0,'<div class=\"frameContent\">\r\n<p class=\"bold\" style=\"color: #000;\">GLASS</p>\r\n<p class=\"bold\">120 Ocean Drive<br />Miami Beach</p>\r\n<p class=\"bold\">18 floors<br />10 residences<br />360 views</p>\r\n<p class=\"bold\">Starting at just over 7 million</p>\r\n<p class=\"bold\">2,000 sq ft on floors 6 - 7<br />3,400 sq ft on floors 8 - 15<br />Penthouse occupying floors 16 - 18</p>\r\n<br /> <br />\r\n<p class=\"link startForm\">ACCESS THE WEBSITE</p>\r\n</div>\r\n<div class=\"frameForm\">\r\n<p class=\"bold\">PLEASE COMPLETE<br />THE FORM BELOW TO<br />ACCESS THE GLASS<br /> WEBSITE</p>\r\n<p>GLASS<br />120 Ocean Drive<br />Miami Beach, Florida 33139<br />glass120ocean.com</p>\r\n<p>Representation:<br />Eloy Carmenate<br />ONE Sotheby\'s International Realty<br />119 Washington Avenue, Suite 600<br />Miami Beach, FL 33139<br />305.503.0478</p>\r\n<p>Owned and developed by Terra Group.<br />Broker participation welcome.</p>\r\n<div><form id=\"contactform\" action=\"form/register\" method=\"post\"><fieldset><label>Name</label> <input name=\"name\" type=\"text\" value=\"\" /></fieldset><fieldset><label>Last name</label> <input name=\"last\" type=\"text\" value=\"\" /></fieldset><fieldset><label>Email address</label> <input name=\"email\" type=\"text\" value=\"\" /></fieldset><fieldset><label>Subject</label> <input name=\"subject\" type=\"text\" value=\"\" /></fieldset><fieldset><label>Message</label> <textarea name=\"message\"></textarea></fieldset></form></div>\r\n</div>',6,'','splash'),(12,'Home',0,0,NULL,5,'','home');
/*!40000 ALTER TABLE `page` ENABLE KEYS */;
UNLOCK TABLES;

--
-- Table structure for table `request`
--

DROP TABLE IF EXISTS `request`;
/*!40101 SET @saved_cs_client     = @@character_set_client */;
/*!40101 SET character_set_client = utf8 */;
CREATE TABLE `request` (
  `id` int(11) NOT NULL auto_increment,
  `name` varchar(45) default NULL,
  `last` varchar(45) default NULL,
  `email` varchar(45) default NULL,
  `how` varchar(45) default NULL,
  `subject` varchar(45) default NULL,
  `message` varchar(300) default NULL,
  PRIMARY KEY  (`id`)
) ENGINE=MyISAM AUTO_INCREMENT=9 DEFAULT CHARSET=utf8;
/*!40101 SET character_set_client = @saved_cs_client */;

--
-- Dumping data for table `request`
--

LOCK TABLES `request` WRITE;
/*!40000 ALTER TABLE `request` DISABLE KEYS */;
INSERT INTO `request` VALUES (3,'Dan','Triano','dan.triano@gmail.com',NULL,'pupu',NULL),(4,'','','',NULL,'',''),(5,'','','',NULL,'',''),(6,'','','',NULL,'',''),(7,'ytt','','',NULL,'',''),(8,'Albert','pujals','albert@lemonyellow.com',NULL,'','');
/*!40000 ALTER TABLE `request` ENABLE KEYS */;
UNLOCK TABLES;

--
-- Table structure for table `template`
--

DROP TABLE IF EXISTS `template`;
/*!40101 SET @saved_cs_client     = @@character_set_client */;
/*!40101 SET character_set_client = utf8 */;
CREATE TABLE `template` (
  `id` int(11) NOT NULL auto_increment,
  `name` varchar(45) collate utf8_spanish_ci default NULL,
  `URL` varchar(45) collate utf8_spanish_ci default NULL,
  `description` varchar(100) collate utf8_spanish_ci default NULL,
  PRIMARY KEY  (`id`)
) ENGINE=InnoDB AUTO_INCREMENT=7 DEFAULT CHARSET=utf8 COLLATE=utf8_spanish_ci;
/*!40101 SET character_set_client = @saved_cs_client */;

--
-- Dumping data for table `template`
--

LOCK TABLES `template` WRITE;
/*!40000 ALTER TABLE `template` DISABLE KEYS */;
INSERT INTO `template` VALUES (1,'Building','building',NULL),(2,'Map','map',NULL),(3,'Page','page',NULL),(4,'Video','video',NULL),(5,'Home','',NULL),(6,'Splash','',NULL);
/*!40000 ALTER TABLE `template` ENABLE KEYS */;
UNLOCK TABLES;

--
-- Table structure for table `users`
--

DROP TABLE IF EXISTS `users`;
/*!40101 SET @saved_cs_client     = @@character_set_client */;
/*!40101 SET character_set_client = utf8 */;
CREATE TABLE `users` (
  `id` int(11) NOT NULL auto_increment,
  `name` varchar(45) default NULL,
  `passcode` varchar(200) default NULL,
  `email` varchar(45) default NULL,
  `role` varchar(45) default NULL,
  PRIMARY KEY  (`id`)
) ENGINE=MyISAM AUTO_INCREMENT=5 DEFAULT CHARSET=utf8;
/*!40101 SET character_set_client = @saved_cs_client */;

--
-- Dumping data for table `users`
--

LOCK TABLES `users` WRITE;
/*!40000 ALTER TABLE `users` DISABLE KEYS */;
INSERT INTO `users` VALUES (1,'admin','passcode','dan@almabranding.com','user'),(3,'born','glass','born','user'),(4,'admin','732dca7fb078d05b0c7978614d851db0ee89d04aca6447fe6ba802b1776f5e55',NULL,NULL);
/*!40000 ALTER TABLE `users` ENABLE KEYS */;
UNLOCK TABLES;
/*!40103 SET TIME_ZONE=@OLD_TIME_ZONE */;

/*!40101 SET SQL_MODE=@OLD_SQL_MODE */;
/*!40014 SET FOREIGN_KEY_CHECKS=@OLD_FOREIGN_KEY_CHECKS */;
/*!40014 SET UNIQUE_CHECKS=@OLD_UNIQUE_CHECKS */;
/*!40101 SET CHARACTER_SET_CLIENT=@OLD_CHARACTER_SET_CLIENT */;
/*!40101 SET CHARACTER_SET_RESULTS=@OLD_CHARACTER_SET_RESULTS */;
/*!40101 SET COLLATION_CONNECTION=@OLD_COLLATION_CONNECTION */;
/*!40111 SET SQL_NOTES=@OLD_SQL_NOTES */;

-- Dump completed on 2013-04-29 10:31:38
